Column;Initial Label 1;Initial Label 2;Mann-Whitney U statistic;pvalue;corrected pvalue
CC;tRNA;trf;9085607.0;0.04928347763194657;0.04928347763194657
CG;mature;rRNA;6315531.5;0.04791207936267831;0.04791207936267831
CU;snoRNA;hairpin;3287841.5;0.04515492347233874;0.04515492347233874
G/C;hairpin;trf;64215980.0;0.044515645132854505;0.04769533407091554
zQ;rRNA;snoRNA;366820.5;0.041364726015457765;0.041364726015457765
MFEI1;tRNA;hairpin;1371060.5;0.036758944384000146;0.036758944384000146
CA;rRNA;tRNA;160383.0;0.03664317671877892;0.04580397089847364
UU;mature;tRNA;7590354.0;0.034413142241149816;0.034413142241149816
UA;tRNA;hairpin;1372398.0;0.03376856722414108;0.038963731412470476
zP;rRNA;snoRNA;415454.0;0.031130170640346747;0.03591942766193855
MFEI3;tRNA;hairpin;1373560.5;0.030951683597325162;0.030951683597325162
UG;mature;rRNA;7035491.0;0.030279233170178107;0.03244203553947654
AA;tRNA;snoRNA;439885.0;0.026615863151920136;0.028516996234200145
|G-C|/L;mature;rRNA;6243720.5;0.016777725212411047;0.017976134156154695
dQ;mature;trf;391323508.0;0.014897179162305693;0.014897179162305693
snoRNA;rRNA;tRNA;150948.0;0.014112871242908203;0.021169306864362306
CU;mature;tRNA;8461742.5;0.014090473550913026;0.015096935947406813
UC;rRNA;snoRNA;361182.0;0.011526974910540205;0.013300355666007927
UC;mature;rRNA;6216029.0;0.01074593715748795;0.013300355666007927
BP/GU;tRNA;snoRNA;501961.5;0.010569233345348001;0.012195269244632309
CC;snoRNA;trf;21799465.5;0.009945506246744769;0.01065589955008368
pre-miRNA;rRNA;tRNA;152346.0;0.00965489845333841;0.024137246133346026
UC;tRNA;trf;8131340.5;0.00811658850476121;0.011068075233765287
Len;mature;trf;381586013.0;0.00681295260620198;0.00681295260620198
G/C;tRNA;trf;9246895.5;0.0060336549555544215;0.006961909564101255
GA;rRNA;snoRNA;422660.5;0.005484454016409302;0.005876200731867108
CA;rRNA;hairpin;1167589.5;0.005465303457761978;0.007452686533311789
dQ;rRNA;snoRNA;423429.5;0.004463446149955229;0.004782263732094888
MFEI3;rRNA;snoRNA;423824.5;0.00399318364277197;0.0042784110458271105
GA;tRNA;trf;9310213.5;0.0022720478292442927;0.00262159364912803
GC;snoRNA;hairpin;3226732.0;0.0022264521046342412;0.0025689831976548937
CU;tRNA;trf;9313336.5;0.0021608178402763136;0.002493251354164977
AC;rRNA;snoRNA;426148.5;0.002083967378882674;0.0022328221916600075
dD;rRNA;snoRNA;426193.0;0.002057032335033396;0.00220396321610721
dP;rRNA;snoRNA;426211.5;0.0020452008147292325;0.0020452008147292325
MFEI5;rRNA;snoRNA;355520.0;0.001946950496180917;0.001946950496180917
MFEI3;mature;tRNA;7396684.0;0.0017431340246975484;0.0020113084900356326
AU;tRNA;trf;9332974.5;0.001565629342419062;0.0016774600097347093
GU;mature;hairpin;56312705.0;0.0015168143381453368;0.0017501703901676962
AA;rRNA;tRNA;166513.0;0.0011085387601173476;0.0012790831847507857
PosEntropy;mature;trf;392900199.5;0.0010859948673969575;0.0010859948673969575
BP/AU;rRNA;tRNA;166586.5;0.0010550616404577681;0.0011304231862047515
dD;tRNA;snoRNA;425582.0;0.0009100725852260208;0.0010500837521838701
G/C;rRNA;trf;6598413.0;0.0008047445047448671;0.0010059306309310838
zSP;rRNA;snoRNA;351355.0;0.0007077189531075935;0.0007077189531075935
Avg_BP_stems;rRNA;tRNA;167332.5;0.0006240893489670176;0.0007201030949619433
CA;mature;hairpin;59946980.0;0.0005397241473998033;0.000809586221099705
GA;tRNA;hairpin;1188703.0;0.0004986122608482497;0.0006232653260603121
dG;rRNA;tRNA;168088.0;0.0003676246561876194;0.0003676246561876194
PosEntropy;rRNA;snoRNA;431908.5;0.0003504707809864205;0.00037550440819973625
CC;rRNA;tRNA;168157.5;0.0003491858952350569;0.0004029068021942964
GG;rRNA;tRNA;130378.0;0.0002667921409642025;0.00030783708572792594
Random;rRNA;tRNA;152745.0;0.00026176740249280416;0.003926511037392062
GC;mature;rRNA;6019785.0;0.00023284321765482273;0.0002910540220685284
AG;mature;snoRNA;22050324.0;0.00020244296297993448;0.00021690317462135837
zG;rRNA;trf;6525497.0;0.00018546742099874035;0.00018546742099874035
G/C;mature;tRNA;7279899.0;0.00018154866049422907;0.00024756635521940327
|A-U|/L;rRNA;tRNA;129730.0;0.00016231509130749803;0.00018728664381634387
dH;tRNA;hairpin;1178473.5;0.00014884764546464115;0.00014884764546464115
GC;rRNA;trf;7949081.5;0.00013610322222482228;0.00018559530303384857
G/C;rRNA;snoRNA;434828.5;0.00012958879169094184;0.00019438318753641276
CG;snoRNA;hairpin;3625962.0;0.0001293593943584639;0.00013859935109835419
CG;tRNA;trf;7872016.5;9.582316145993905e-05;0.00011056518629992968
snoRNA;rRNA;hairpin;967208.5;6.891338143821924e-05;0.0001148556357303654
dP;rRNA;tRNA;128138.0;4.620135273886005e-05;4.950144936306434e-05
GC;mature;tRNA;7197355.0;2.9617740358317717e-05;4.442661053747658e-05
(G-C)/stems;rRNA;snoRNA;439189.0;2.6350858063007014e-05;2.6350858063007014e-05
zQ;mature;trf;394737793.5;2.2616268032640613e-05;2.4231715749257798e-05
CC;rRNA;trf;8034967.5;1.9451269679210994e-05;2.431408709901374e-05
G/C;mature;trf;378616250.5;1.922869834991404e-05;3.204783058319007e-05
Avg_BP_stems;tRNA;snoRNA;412991.5;1.8066949054456523e-05;2.2583686318070654e-05
CE/L;rRNA;tRNA;171939.5;1.7207145007461327e-05;1.7207145007461327e-05
MFEI5;rRNA;tRNA;170983.5;1.602891628060677e-05;1.7173838872078684e-05
|G-U|/L;tRNA;hairpin;1444396.0;1.5619106101526942e-05;1.9523882626908676e-05
UA;rRNA;tRNA;172103.0;1.4887224796667734e-05;1.8609030995834667e-05
G+C;rRNA;tRNA;126676.5;1.3436197359307441e-05;1.4395925742115115e-05
A+U;rRNA;tRNA;172235.0;1.33139908212328e-05;1.33139908212328e-05
GA;snoRNA;hairpin;3656657.0;1.278421259043429e-05;1.7433017168774032e-05
(G-U)/stems;snoRNA;hairpin;3149042.0;1.0864813586529488e-05;1.0864813586529488e-05
GC;tRNA;trf;9603069.0;7.894213959389695e-06;1.3157023265649491e-05
GA;rRNA;hairpin;1218317.5;7.09625769645017e-06;1.0644386544675256e-05
AC;mature;hairpin;60515851.0;6.85678804215123e-06;7.911678510174496e-06
Tm;rRNA;tRNA;125858.0;6.506415459779478e-06;6.971159421192298e-06
AG;rRNA;trf;8085606.0;5.636402377750684e-06;6.503541205096943e-06
A+U;tRNA;trf;9618284.5;5.590942565488523e-06;5.99029560588056e-06
G+C;tRNA;trf;7739353.0;5.567327777168316e-06;6.423839742886518e-06
UU;tRNA;trf;9634580.5;3.834385212358286e-06;4.108269870383877e-06
Tm;tRNA;snoRNA;529979.5;2.4690839726311286e-06;2.8489430453436096e-06
|A-U|/L;rRNA;snoRNA;335614.5;2.219989203330115e-06;2.7749865041626433e-06
snoRNA;tRNA;hairpin;1147983.5;2.0500611021674764e-06;3.843864566564018e-06
CC;snoRNA;hairpin;3681861.5;1.5882995623539757e-06;2.1658630395736033e-06
AU;mature;rRNA;5823373.0;1.5017439807680503e-06;1.7327815162708272e-06
G/C;rRNA;hairpin;942228.0;1.3507206440662555e-06;2.5326012076242293e-06
MFEI1;rRNA;tRNA;174706.0;1.1986504195827912e-06;1.2842683066958477e-06
dQ;tRNA;snoRNA;405443.5;1.1422789243442088e-06;1.318014143474087e-06
UC;mature;snoRNA;19349716.0;9.818768441187887e-07;1.4728152661781831e-06
CA;tRNA;trf;9700798.5;7.78899068006246e-07;1.2981651133437434e-06
EAFE;rRNA;tRNA;175530.5;6.20525881078732e-07;6.20525881078732e-07
AG;mature;trf;377215740.0;5.35741692485425e-07;6.696771156067812e-07
|G-U|/L;rRNA;hairpin;1237919.5;2.553184542337007e-07;3.48161528500501e-07
G/C;mature;hairpin;55198811.5;1.948005302129013e-07;4.174297075990742e-07
BP/AU;rRNA;snoRNA;450840.5;1.9079756231514047e-07;2.201510334405467e-07
AG;mature;rRNA;5752956.0;1.8247770815862524e-07;2.488332383981253e-07
G/C;mature;snoRNA;22529616.5;1.5693972685345122e-07;3.92349317133628e-07
A+U;snoRNA;hairpin;3709519.0;1.439474986892359e-07;1.660932677183491e-07
dS;tRNA;hairpin;1129929.5;1.3371570546505205e-07;1.3371570546505205e-07
(G-U)/stems;tRNA;hairpin;1476284.5;1.2119091689305206e-07;1.298474109568415e-07
BP/GU;rRNA;trf;8227368.0;1.209976849670555e-07;1.5124710620881937e-07
Div/ty;rRNA;snoRNA;329147.0;1.1940668183124514e-07;1.2793573053347693e-07
CE_dist;mature;trf;376636146.5;1.0432606731811686e-07;1.0432606731811686e-07
AG;snoRNA;trf;20861935.5;9.439380267541939e-08;1.415907040131291e-07
AC;mature;rRNA;5722637.0;7.008726651495827e-08;8.760908314369783e-08
MFEI2;hairpin;trf;66228057.5;6.316144828853628e-08;6.767298030914602e-08
UA;tRNA;trf;9802763.5;5.530500855968712e-08;7.541592076320971e-08
dD;rRNA;tRNA;177987.0;4.915471978320812e-08;6.144339972901015e-08
G/C;tRNA;hairpin;1481911.0;4.6688862658565626e-08;1.400665879756969e-07
UA;mature;trf;376356828.5;4.5910295402134626e-08;6.886544310320195e-08
MFEI1;rRNA;hairpin;1247562.0;3.873488179875935e-08;4.469409438318386e-08
GU;mature;snoRNA;19154114.5;3.4129501813628454e-08;4.2661877267035566e-08
UA;mature;tRNA;6937041.5;3.0041420511743325e-08;5.0069034186238875e-08
AC;mature;snoRNA;19142953.5;2.784703418516112e-08;3.797322843431062e-08
CG;mature;snoRNA;22627875.0;2.7371584902814426e-08;3.421448112851803e-08
(A-U)/stems;tRNA;snoRNA;541040.5;2.677294793591359e-08;2.677294793591359e-08
BP/AU;mature;hairpin;54996248.0;2.4913412099236896e-08;3.114176512404612e-08
MFEI4;tRNA;hairpin;1486157.0;2.2430500723521277e-08;2.4032679346629938e-08
A+U;mature;rRNA;7632149.5;2.130023940969197e-08;2.662529926211496e-08
G+C;mature;rRNA;5686160.0;2.1300184486259696e-08;2.6625230607824618e-08
UC;snoRNA;hairpin;3731766.0;1.506862154938649e-08;2.511436924897748e-08
CC;hairpin;trf;59668209.5;1.3711820341604597e-08;2.0567730512406896e-08
zG;rRNA;snoRNA;457418.0;6.862377164148562e-09;7.352546961587745e-09
UA;rRNA;hairpin;1261233.0;2.8330023827997656e-09;5.311879467749561e-09
AA;mature;tRNA;6858131.0;2.5932882119188335e-09;3.241610264898542e-09
UU;tRNA;hairpin;1106860.0;2.2557440290853747e-09;2.602781572021586e-09
GU;rRNA;hairpin;907140.5;1.7761669645856939e-09;2.4220458607986736e-09
UA;snoRNA;trf;24728863.0;1.4985325637685178e-09;3.2111412080753955e-09
Diff;mature;trf;375190684.5;1.185771795365158e-09;1.4822147442064475e-09
Freq;mature;trf;375108354.5;9.034902222321212e-10;9.034902222321212e-10
AG;rRNA;tRNA;117364.5;8.62011884476907e-10;1.4366864741281784e-09
MFEI4;rRNA;hairpin;1267229.5;8.171473068730079e-10;9.428622771611629e-10
GA;mature;rRNA;5588293.0;7.084954344993195e-10;1.1808257241655326e-09
zQ;tRNA;hairpin;1505534.0;6.287256272433186e-10;7.254526468192138e-10
UG;mature;hairpin;54637517.5;4.719613889672124e-10;5.445708334237065e-10
(G-U)/stems;rRNA;snoRNA;318225.0;4.6042960055909045e-10;5.312649237220275e-10
GU;snoRNA;hairpin;3765412.5;4.3369892360744664e-10;6.5054838541117e-10
AG;hairpin;trf;66728910.5;3.947111521075703e-10;7.400834102016943e-10
BP/GU;tRNA;trf;9991186.0;2.2316907607858565e-10;3.0432146737988956e-10
GC;hairpin;trf;59272570.5;2.215647735661429e-10;4.1543395043651794e-10
CC;tRNA;snoRNA;551421.0;2.0227493687445773e-10;3.371248947907629e-10
UU;mature;rRNA;7771009.0;1.5467907692549094e-10;1.9334884615686366e-10
UU;mature;trf;398883333.5;1.3105361260161926e-10;1.7870947172948082e-10
MFEI3;mature;hairpin;61582346.5;1.160101997298662e-10;1.4501274966233275e-10
zD;tRNA;hairpin;1518265.0;4.985172336608307e-11;5.3412560749374716e-11
|G-C|/L;mature;snoRNA;22947097.0;4.846714493494812e-11;5.5923628771093986e-11
CA;rRNA;trf;8484152.0;2.8428396425789082e-11;5.330324329835453e-11
GA;mature;hairpin;54401366.0;2.7566948161501496e-11;5.1688027802815306e-11
UU;rRNA;trf;5973611.0;2.626602344155739e-11;3.939903516233609e-11
dQ;rRNA;tRNA;184440.0;2.269105345518801e-11;2.836381681898501e-11
GU;snoRNA;trf;20374782.0;1.2802444869799983e-11;2.1337408116333305e-11
AG;mature;hairpin;54319857.0;9.904549922636102e-12;2.122403554850593e-11
zSP;tRNA;snoRNA;557292.0;8.445467462071649e-12;9.04871513793391e-12
GG;mature;snoRNA;23028847.0;8.116549231068917e-12;1.0145686538836146e-11
UC;mature;tRNA;6686372.5;7.084019064154313e-12;1.3282535745289337e-11
UG;rRNA;hairpin;882088.0;6.774309854609332e-12;8.467887318261664e-12
GC;tRNA;hairpin;1528929.5;5.252337239336395e-12;1.1255008370006561e-11
UA;rRNA;snoRNA;470819.5;4.163800619987412e-12;1.0409501549968531e-11
|G-C|/L;rRNA;trf;5922868.5;4.051583584087437e-12;5.064479480109297e-12
BP/GC;rRNA;tRNA;185948.0;3.0299620099233676e-12;3.0299620099233676e-12
MFEI5;tRNA;snoRNA;379388.0;1.899526194043821e-12;2.1917609931274855e-12
UU;snoRNA;hairpin;3817453.0;9.365553100361508e-13;1.5609255167269181e-12
CE/L;rRNA;snoRNA;307612.5;8.846549608224458e-13;9.478446008811919e-13
G+C;mature;tRNA;6625771.5;7.292837567481254e-13;9.944778501110803e-13
A+U;mature;tRNA;9361540.5;7.292114436411416e-13;9.943792413288296e-13
UA;rRNA;trf;8584866.0;6.546428007339534e-13;1.9639284022018603e-12
CG;rRNA;tRNA;111855.0;5.112970250464404e-13;6.972232159724188e-13
GC;mature;hairpin;62014839.0;4.701471626577635e-13;1.1753679066444087e-12
MFEI2;mature;hairpin;62065850.0;2.3571551289570244e-13;2.719794379565797e-13
AA;mature;rRNA;5384712.5;2.1968153343582028e-13;2.995657274124822e-13
A+U;rRNA;trf;8628351.5;1.1789135841377548e-13;1.7683703762066322e-13
G+C;rRNA;trf;5831670.5;1.1789107245860435e-13;1.7683660868790654e-13
|A-U|/L;mature;rRNA;5370237.0;1.172887529759225e-13;1.5993920860353068e-13
CE_dist;rRNA;snoRNA;476623.5;1.0692565010972579e-13;1.1456319654613476e-13
AU;rRNA;tRNA;188422.0;9.373691931818701e-14;1.1717114914773376e-13
(A-U)/stems;rRNA;snoRNA;302980.5;4.454896043882996e-14;4.7731029041603533e-14
Freq;rRNA;snoRNA;478060.0;4.157537308247019e-14;4.454504258836092e-14
|G-C|/L;rRNA;tRNA;109767.5;3.316330312857117e-14;4.5222686084415234e-14
MFEI3;hairpin;trf;67527346.5;2.8349155018178682e-14;3.865793866115275e-14
BP/GU;tRNA;hairpin;1053205.0;2.64607536865841e-14;3.969113052987615e-14
GA;tRNA;snoRNA;368760.0;1.5136781111173904e-14;3.243595952394408e-14
|G-U|/L;snoRNA;hairpin;3851855.0;1.0329461846689769e-14;1.5494192770034653e-14
|A-U|/L;rRNA;trf;8692491.0;8.489276746962421e-15;1.2733915120443632e-14
dP;tRNA;snoRNA;571326.0;3.00735808020692e-15;3.470028554084908e-15
tRNA;rRNA;trf;5740246.5;2.6967382605697667e-15;4.494563767616278e-15
zQ;rRNA;hairpin;851083.0;2.606748734285176e-15;3.2584359178564698e-15
UA;mature;snoRNA;18320081.5;2.8781718625564344e-16;1.079314448458663e-15
(G-U)/stems;rRNA;hairpin;842558.0;2.457743934649417e-16;3.072179918311771e-16
CU;mature;snoRNA;18302096.0;1.7803392951980364e-16;2.2254241189975453e-16
CC;tRNA;hairpin;1573039.0;1.6421748626734606e-16;3.079077867512739e-16
dD;mature;hairpin;62581782.0;1.358922083524568e-16;1.853075568442593e-16
AC;mature;tRNA;9571908.5;1.266111189121742e-16;1.899166783682613e-16
dD;hairpin;trf;58125552.0;1.1933582753110596e-16;1.7900374129665894e-16
CA;rRNA;snoRNA;294164.0;9.771840708815458e-17;2.093965866174741e-16
CG;rRNA;snoRNA;485830.0;9.405470985254598e-17;1.4108206477881897e-16
GU;mature;tRNA;6405422.0;8.14913690038e-17;1.52796316882125e-16
GC;snoRNA;trf;19844445.0;7.93777930185012e-17;2.381333790555036e-16
GA;mature;snoRNA;18270207.0;7.609227183203403e-17;1.9023067958008506e-16
zG;snoRNA;trf;19829928.0;5.532831075565997e-17;6.384035856422304e-17
GC;mature;snoRNA;23513355.0;5.2278190919718466e-17;1.9604321594894424e-16
zD;rRNA;hairpin;836993.5;5.1112457672340705e-17;5.897591269885466e-17
G/C;snoRNA;trf;19820456.5;4.354628186337751e-17;1.6329855698766568e-16
AA;rRNA;hairpin;833013.5;1.5970573431155474e-17;2.395586014673321e-17
CU;rRNA;hairpin;1337832.5;1.4982743425693952e-17;2.0431013762309936e-17
PosEntropy;hairpin;trf;57947635.5;9.109876075404786e-18;1.0511395471620907e-17
UC;tRNA;snoRNA;581866.0;3.2980149428872513e-18;7.067174877615539e-18
UC;rRNA;trf;5583257.5;2.3904629471393633e-18;5.976157367848408e-18
MFEI2;tRNA;hairpin;1589283.0;2.375483347373971e-18;2.9693541842174636e-18
GC;rRNA;hairpin;1344581.0;2.035163672185265e-18;1.0175818360926325e-17
zSP;rRNA;tRNA;103743.0;1.891770792361116e-18;2.1828124527243645e-18
Len;rRNA;snoRNA;493046.5;8.59208705006303e-19;9.20580755363896e-19
AA;tRNA;hairpin;1011837.5;6.848315024075255e-19;1.1413858373458759e-18
UC;rRNA;tRNA;102833.5;5.061933455326356e-19;1.518580036597907e-18
EAFE;tRNA;hairpin;1595097.5;4.880199390807722e-19;5.228785061579703e-19
AG;tRNA;trf;10538213.5;2.5001799420011753e-19;6.250449855002938e-19
CG;mature;tRNA;6274613.0;1.9614718750949319e-19;3.2691197918248864e-19
BP/GC;mature;trf;369628036.5;1.9011916646236661e-19;2.0369910692396422e-19
GU;rRNA;trf;5528971.0;1.7830405830701086e-19;3.820801249435947e-19
BP/GU;snoRNA;trf;25758650.0;1.1300776176005148e-19;1.883462696000858e-19
AG;tRNA;hairpin;1601472.5;8.15036020819083e-20;2.4451080624572494e-19
MFEI3;tRNA;trf;10577884.0;4.28005911401225e-20;6.420088671018375e-20
AG;mature;tRNA;6232289.0;2.534098852823501e-20;9.502870698088129e-20
dF;rRNA;snoRNA;283190.5;2.095613959617168e-20;2.095613959617168e-20
CU;mature;rRNA;5047858.0;1.7625862592012547e-20;2.643879388801882e-20
zSP;rRNA;hairpin;1360976.5;7.636242596714226e-21;9.545303245892782e-21
GU;tRNA;snoRNA;590729.5;6.455618856665323e-21;1.6139047141663306e-20
GU;rRNA;snoRNA;281703.0;6.44465632719297e-21;1.6139047141663306e-20
CA;mature;snoRNA;17940816.5;6.116839828442038e-21;1.5292099571105094e-20
zQ;snoRNA;hairpin;2859495.5;5.628658357284171e-21;7.675443214478417e-21
(G-U)/stems;tRNA;snoRNA;591029.0;5.175430688210399e-21;7.057405483923271e-21
dS/L;tRNA;snoRNA;346335.5;4.941748306576604e-21;5.294730328474933e-21
BP/GU;rRNA;hairpin;805783.5;3.782207326323401e-21;7.091638736856378e-21
GG;mature;hairpin;52867430.0;3.139362261324676e-21;4.280948538170013e-21
dF;mature;trf;368638870.5;1.4147842282393843e-21;1.5158402445421974e-21
dH/L;tRNA;snoRNA;342310.5;2.4796140057579313e-22;2.656729291883498e-22
GA;rRNA;tRNA;200419.0;1.980531098559185e-22;5.941593295677555e-22
CG;rRNA;hairpin;1373290.5;1.2952406017879617e-22;2.428576128352428e-22
BP/GC;rRNA;snoRNA;276487.5;8.158184982941759e-23;9.413290364932798e-23
CA;tRNA;snoRNA;340703.5;7.291584169264706e-23;2.187475250779412e-22
AG;rRNA;snoRNA;504926.0;5.408024108483184e-23;2.704012054241592e-22
GC;tRNA;snoRNA;597255.5;4.876103929606708e-23;3.6570779472050313e-22
UA;mature;rRNA;4939790.0;4.282421967448816e-23;2.1412109837244076e-22
(G-C)/stems;mature;trf;367745772.0;1.3426770539286777e-23;1.438582557780726e-23
AU;rRNA;trf;9169235.0;7.84361247898686e-25;1.0695835198618446e-24
Len;tRNA;hairpin;963238.5;3.0618529954728358e-25;3.5329073024686566e-25
zQ;rRNA;tRNA;95038.5;2.4857598229778325e-25;3.728639734466749e-25
zD;snoRNA;hairpin;2796656.0;1.0515083293705938e-25;1.314385411713242e-25
|G-C|/L;rRNA;snoRNA;511972.5;1.0428538415355842e-25;1.5642807623033763e-25
CU;rRNA;snoRNA;512154.0;8.89398283345561e-26;1.4823304722426018e-25
G/C;rRNA;tRNA;94509.0;8.50375553408006e-26;4.25187776704003e-25
GA;rRNA;trf;9212767.5;6.950814777035347e-26;2.606555541388255e-25
AC;tRNA;hairpin;956025.5;3.6610319010088624e-26;6.101719835014771e-26
BP/GC;tRNA;hairpin;1650066.5;3.2347851728549695e-26;4.043481466068712e-26
PosEntropy;mature;hairpin;63895678.0;1.475078208831668e-26;1.843847761039585e-26
AA;tRNA;trf;10886936.5;1.3395150989853518e-26;2.511590810597535e-26
PosEntropy;tRNA;snoRNA;329797.0;1.2339836996897528e-26;1.6827050450314813e-26
zG;tRNA;hairpin;1654162.0;8.176679783784277e-27;1.0220849729730346e-26
BP/GU;mature;rRNA;4788408.0;4.7926678436196464e-27;1.02700025220421e-26
dH/L;snoRNA;hairpin;2779948.0;4.778902600771137e-27;5.514118385505158e-27
EAFE;rRNA;hairpin;1404872.5;3.900673062350286e-27;4.5007766104041765e-27
MFEI2;mature;tRNA;5901569.5;5.202301442288325e-28;7.094047421302262e-28
GA;mature;trf;407543658.0;3.910209863227299e-28;1.9551049316136493e-27
zD;rRNA;tRNA;91617.0;2.103523618379406e-28;2.868441297790099e-28
(A-U)/stems;rRNA;tRNA;91282.0;1.0200309586946263e-28;1.1769587984937995e-28
CC;mature;tRNA;5861823.0;5.067374819163113e-29;1.0858660326778099e-28
|A-U|/L;mature;tRNA;5846250.0;2.0233191198766053e-29;3.372198533127676e-29
zP;rRNA;hairpin;751679.0;1.9652367163843918e-29;2.4565458954804896e-29
dG;tRNA;hairpin;1672170.5;1.928530565199347e-29;2.0662827484278717e-29
UU;tRNA;snoRNA;322153.5;1.8432900677199032e-29;3.4561688769748186e-29
UG;rRNA;trf;9354670.0;1.783578204170274e-29;2.4321520965958283e-29
zQ;tRNA;snoRNA;615531.5;1.4857491642278836e-29;2.476248607046473e-29
dH;rRNA;snoRNA;259370.0;1.1866346155530911e-29;1.2713942309497403e-29
|G-C|/L;mature;tRNA;5829317.0;7.307356247631138e-30;1.217892707938523e-29
UC;tRNA;hairpin;1678955.0;1.7432820364929844e-30;6.537307636848691e-30
CG;rRNA;trf;5066529.0;1.68351239918641e-30;3.607526569685164e-30
dG;rRNA;hairpin;1425553.0;1.5330370586070388e-30;1.7688889137773525e-30
BP/AU;tRNA;trf;11055590.5;1.4808490464519677e-30;2.019339608798138e-30
dH/L;rRNA;snoRNA;256777.0;9.044711056766147e-31;1.1305888820957682e-30
PosEntropy;rRNA;tRNA;209905.5;6.983572216291204e-31;1.0475358324436807e-30
AU;rRNA;snoRNA;256150.5;4.812136807137985e-31;7.218205210706978e-31
dS;rRNA;snoRNA;255971.5;4.025952880332276e-31;4.313520943213152e-31
AA;mature;snoRNA;17226111.0;1.876738229159672e-31;4.021581919627868e-31
CE/L;tRNA;snoRNA;316210.5;9.277784381159243e-32;1.0705135824414511e-31
UU;rRNA;tRNA;88075.5;8.782791641839739e-32;1.8820267803942297e-31
CC;rRNA;snoRNA;527157.0;4.3186728555662016e-32;1.0796682138915503e-31
dS/L;rRNA;snoRNA;253276.5;2.589570629014763e-32;2.9879661104016494e-32
UA;hairpin;trf;70046592.0;1.8381144478842637e-32;1.3785858359131977e-31
|G-U|/L;mature;trf;364219050.0;1.608442834939605e-32;2.680738058232675e-32
CA;hairpin;trf;70055789.5;1.5195861234569306e-32;5.698447962963489e-32
GC;rRNA;snoRNA;528340.0;1.2775946869260122e-32;1.9163920303890184e-31
(G-U)/stems;mature;trf;409243339.5;1.2530328907299142e-32;1.8795493360948713e-32
AA;rRNA;trf;9476782.5;9.154017389364483e-33;2.2885043473411207e-32
AC;rRNA;trf;9481660.5;6.715382693847415e-33;1.2591342550963903e-32
BP/GU;mature;tRNA;5713434.0;5.899975604088364e-33;1.474993901022091e-32
(G-U)/stems;rRNA;tRNA;86762.5;4.3844948644748695e-33;7.30749144079145e-33
GG;mature;rRNA;4551741.0;7.150943925815127e-34;1.0726415888722691e-33
AG;snoRNA;hairpin;2699965.5;5.603999904664579e-34;4.2029999284984346e-33
zD;mature;trf;409766587.5;4.409213857133318e-34;6.613820785699977e-34
G+C;tRNA;hairpin;1702334.0;3.6723412415327736e-34;6.120568735887956e-34
zG;tRNA;trf;6156604.0;3.3382905183344057e-34;4.552214343183281e-34
AC;rRNA;hairpin;1448283.5;1.5402957017409916e-34;3.300633646587839e-34
|A-U|/L;tRNA;trf;11218254.0;1.2025832571481496e-34;2.2548436071527806e-34
zD;tRNA;snoRNA;629076.5;6.197508963583915e-35;1.0329181605973192e-34
MFEI4;tRNA;snoRNA;305615.5;4.394349229367028e-36;5.492936536708785e-36
snoRNA;mature;hairpin;51151385.0;2.4078544262403925e-36;5.1596880562294125e-36
G/C;snoRNA;hairpin;2672162.0;1.3900003901584703e-36;1.0425002926188527e-35
snoRNA;hairpin;trf;70513613.0;1.085123513191726e-36;2.712808782979315e-36
UG;mature;tRNA;10406473.0;1.0619317499946737e-36;1.5928976249920106e-36
CC;mature;snoRNA;16912659.5;9.155751169201726e-37;2.7467253507605178e-36
CU;tRNA;snoRNA;303594.0;6.100755784905001e-37;1.1438917096696877e-36
AA;snoRNA;hairpin;2667377.0;4.9260477420867236e-37;1.477814322626017e-36
UA;mature;hairpin;50996555.0;6.465995503059466e-38;9.6989932545892e-37
dG;rRNA;snoRNA;240800.5;3.90644524100465e-38;4.883056551255812e-38
UC;snoRNA;trf;18249608.0;8.73003924496744e-39;4.3650196224837194e-38
CU;mature;hairpin;50882994.5;4.3315396833628267e-39;9.281870750063199e-39
(G-C)/stems;tRNA;hairpin;873297.0;3.214577099399178e-39;3.7091274223836664e-39
BP/AU;rRNA;trf;9715285.5;1.0540357569680042e-39;1.5810536354520065e-39
CU;tRNA;hairpin;870509.0;1.0030947899722672e-39;2.5077369749306677e-39
UG;rRNA;tRNA;218637.0;6.3082718799073945e-40;1.0513786466512325e-39
CG;mature;hairpin;65336008.5;2.5157362120852956e-40;6.289340530213239e-40
EAFE;rRNA;snoRNA;234766.0;3.9581865073485194e-41;4.947733134185649e-41
zG;mature;rRNA;9004801.5;1.49733872379661e-41;2.2460080856949152e-41
CC;rRNA;hairpin;1485468.0;1.2652878529418779e-41;4.744829448532042e-41
A+U;rRNA;hairpin;682179.0;9.374688179541553e-42;1.5624480299235923e-41
tRNA;snoRNA;trf;18046444.5;2.891183249994972e-42;5.420968593740573e-42
CE/L;tRNA;hairpin;1750183.0;2.1504134177709176e-42;2.6880167722136467e-42
G+C;rRNA;hairpin;1490870.0;1.1259217624682e-42;2.111103304627875e-42
GG;mature;tRNA;5381163.5;1.0064994193199411e-42;1.677499032199902e-42
dG;tRNA;snoRNA;289584.5;3.6319852997362024e-43;4.9527072269130036e-43
zP;tRNA;hairpin;846259.5;4.3899383513373193e-44;5.986279570005436e-44
Div/ty;tRNA;hairpin;845942.5;3.825141053587983e-44;4.413624292601519e-44
GG;rRNA;hairpin;1499302.0;2.1128752577756387e-44;3.9616411083293224e-44
CE_dist;tRNA;hairpin;1763132.5;8.827026570893618e-45;1.0185030658723405e-44
MFEI4;rRNA;snoRNA;227089.5;4.116475217281555e-45;5.61337529629303e-45
GU;tRNA;hairpin;1766632.5;1.86544743786989e-45;6.995427892012088e-45
CC;mature;rRNA;4199118.5;1.591929315280773e-45;7.959646576403865e-45
dQ;hairpin;trf;54634723.0;1.1556453735223387e-45;1.5758800548031893e-45
GA;snoRNA;trf;27496925.0;1.0277560816200484e-45;7.708170612150363e-45
GG;tRNA;hairpin;1768768.5;7.492183537899892e-46;1.6054679009785482e-45
Avg_BP_stems;rRNA;hairpin;664300.5;7.081497653601287e-46;9.6565877094563e-46
dH/L;tRNA;hairpin;831672.0;7.849183264519758e-47;1.0703431724345125e-46
Freq;tRNA;hairpin;1774992.5;5.018789267943118e-47;5.790910693780521e-47
AA;mature;trf;414005630.0;4.513401798251649e-47;1.6925256743443683e-46
UG;mature;snoRNA;16315235.5;4.2730249455299725e-48;8.011921772868698e-48
AC;hairpin;trf;71649145.5;4.2409593054999296e-48;1.0602398263749823e-47
CA;snoRNA;hairpin;4252660.0;1.275406569919545e-48;6.377032849597725e-48
AU;snoRNA;hairpin;2553384.5;8.42349506099304e-49;1.40391584349884e-48
AC;snoRNA;hairpin;4255811.0;5.762530335701828e-49;1.7287591007105486e-48
Tm/L;rRNA;hairpin;649357.5;4.866383314585529e-49;6.08297914323191e-49
dH/L;rRNA;hairpin;648534.0;3.224411096255838e-49;4.836616644383757e-49
G/C;tRNA;snoRNA;660533.5;3.0242563833053346e-49;4.5363845749580017e-48
|G-C|/L;tRNA;hairpin;819248.5;3.0118162380427277e-49;5.647155446330114e-49
UG;snoRNA;hairpin;4261396.0;1.4032809979506024e-49;3.007030709894148e-49
A+U;mature;hairpin;49911288.0;6.697521406768178e-50;1.2557852637690334e-49
dS/L;snoRNA;hairpin;2542451.0;5.212228453557117e-50;6.515285566946396e-50
UU;mature;snoRNA;16217652.5;4.340130602096724e-50;1.085032650524181e-49
CE/L;rRNA;hairpin;1527843.0;1.8040176185783655e-50;2.460024025334135e-50
CG;tRNA;snoRNA;660645.5;1.8011247710726886e-50;5.403374313218067e-50
zP;mature;trf;358160407.5;2.439158308057408e-51;3.6587374620861125e-51
A+U;tRNA;hairpin;805293.5;1.6451679495545772e-51;3.5253598919026656e-51
UU;mature;hairpin;49723733.5;3.817339426301866e-52;1.1452018278905597e-51
MFEI2;tRNA;trf;11828828.5;2.3037780795511553e-52;3.4556671193267335e-52
GA;hairpin;trf;72110288.5;3.470474115235788e-53;5.205711172853682e-52
AG;tRNA;snoRNA;668417.5;3.2174847212321363e-53;4.8262270818482045e-52
Tm;rRNA;trf;10128235.5;2.3128945315785562e-53;2.891118164473195e-53
A+U;tRNA;snoRNA;268489.5;1.730865705906121e-53;4.327164264765303e-53
G+C;tRNA;snoRNA;669000.5;1.621241679818331e-53;3.4740893138964236e-53
Div/ty;tRNA;snoRNA;668944.5;1.5843564385642443e-53;1.9804455482053054e-53
PosEntropy;tRNA;trf;11892335.5;1.9927242850131268e-54;3.321207141688545e-54
EAFE;tRNA;snoRNA;266239.5;1.1741436505377905e-54;1.6011049780060782e-54
PosEntropy;tRNA;hairpin;1813321.0;1.1416229016016898e-54;2.1405429405031685e-54
(G-U)/stems;rRNA;trf;4285274.0;4.962813915099678e-55;9.305276090811897e-55
PosEntropy;mature;tRNA;5013755.5;4.692967928814605e-55;1.0056359847459869e-54
MFEI1;tRNA;snoRNA;267021.5;1.6644502760022454e-55;2.0805628450028066e-55
GU;rRNA;tRNA;67331.0;1.5762988412024051e-55;7.881494206012025e-55
CE_dist;tRNA;snoRNA;264268.0;1.0877966701267921e-55;1.35974583765849e-55
BP/GU;snoRNA;hairpin;2492868.5;9.976941368341539e-56;2.9930824105024618e-55
AU;mature;trf;416673305.0;2.344804264461979e-56;4.396507995866211e-56
MFEI5;tRNA;hairpin;1820591.5;1.1718433282610615e-56;1.4648041603263268e-56
dF;tRNA;hairpin;1822964.0;3.1975275594505194e-57;3.6894548762890607e-57
dQ;mature;hairpin;66859249.5;3.920472236784488e-58;5.8807083551767324e-58
A+U;mature;snoRNA;15838763.5;2.9785528424282528e-58;8.93565852728476e-58
G+C;mature;snoRNA;25931518.0;2.9133816433516165e-58;7.283454108379041e-58
MFEI5;rRNA;hairpin;1560022.0;2.3810923817436025e-58;3.2469441569230944e-58
Diff;tRNA;hairpin;1834987.0;2.1366809889836423e-58;2.913655894068603e-58
CG;tRNA;hairpin;1836000.0;1.4625173895567108e-58;5.4844402108376655e-58
MFEI1;rRNA;snoRNA;205782.0;8.77489422210437e-59;1.1965764848324141e-58
Div/ty;rRNA;tRNA;64535.5;2.808158569472356e-59;3.829307140189577e-59
|G-U|/L;rRNA;trf;10290297.0;2.720414176950967e-59;5.100776581783063e-59
dQ;tRNA;trf;12040221.0;2.2125770298253146e-59;3.687628383042191e-59
GU;hairpin;trf;53400428.5;1.6184379461096445e-59;1.2138284595822334e-58
CU;rRNA;trf;10302434.5;9.564459592802361e-60;2.8693378778407083e-59
(G-C)/stems;rRNA;tRNA;64112.0;8.209046203902567e-60;1.0261307754878208e-59
BP/AU;snoRNA;trf;28230557.5;4.286959213051236e-60;7.14493202175206e-60
dQ;mature;tRNA;4836075.0;1.3585844917268016e-61;2.547345921987753e-61
BP/GC;tRNA;snoRNA;253250.5;1.169306517820719e-61;1.594508887937344e-61
Freq;tRNA;snoRNA;252835.0;6.966801587024876e-62;8.708501983781094e-62
dP;tRNA;hairpin;757969.0;4.970291638119677e-62;6.212864547649596e-62
CC;mature;hairpin;48937182.0;4.1995811587371265e-62;3.1496858690528446e-61
Tm;tRNA;hairpin;755895.0;1.756391288178773e-62;2.3950790293346906e-62
BP/GC;rRNA;hairpin;1581493.0;5.441781242887581e-63;8.162671864331372e-63
AU;rRNA;hairpin;586355.5;1.0764270217435574e-63;2.306629332307623e-63
(G-U)/stems;tRNA;trf;5186699.5;5.985773957208066e-64;1.282665847973157e-63
UG;rRNA;snoRNA;194448.5;3.83745145921674e-64;9.593628648041848e-64
dD;tRNA;trf;12183087.0;2.2133082870912518e-64;3.688847145152086e-64
dS/L;tRNA;hairpin;742809.5;2.0324825928121784e-65;2.771567172016607e-65
Tm;rRNA;hairpin;577184.5;5.696991378777642e-66;8.545487068166463e-66
|G-U|/L;tRNA;trf;12237702.0;2.4036098198342434e-66;5.150592471073379e-66
AC;rRNA;tRNA;239646.5;1.2835540767517392e-66;4.813327787819022e-66
Tm/L;tRNA;hairpin;737262.0;1.1022747769963912e-66;1.5031019686314426e-66
UU;rRNA;hairpin;572106.0;2.808169895645954e-67;1.0530637108672327e-66
CU;rRNA;tRNA;240361.5;1.2034211314944623e-67;4.512829243104233e-67
dD;tRNA;hairpin;1874574.0;4.080550930003623e-68;7.651032993756793e-68
CE_dist;rRNA;tRNA;241212.0;7.302054188348335e-69;9.957346620475004e-69
AC;snoRNA;trf;28687547.5;4.454507193976756e-70;2.227253596988378e-69
dP;rRNA;hairpin;559541.5;1.650883976640753e-70;2.251205422691936e-70
|G-C|/L;tRNA;snoRNA;699614.5;1.5512613974545103e-70;3.3241315659739505e-70
AU;tRNA;snoRNA;237539.5;1.0719651854704443e-70;2.6799129636761108e-70
dS/L;rRNA;hairpin;557233.0;4.185579025886081e-71;6.278368538829122e-71
dD;mature;tRNA;4569758.5;4.221687486101573e-72;9.046473184503371e-72
dQ;tRNA;hairpin;1892095.0;3.1096822434112454e-72;6.663604807309811e-72
GG;snoRNA;hairpin;2354316.5;2.2866446599472672e-73;5.716611649868167e-73
Diff;rRNA;hairpin;1633017.5;5.310639297497259e-75;7.965958946245889e-75
zSP;tRNA;hairpin;1901342.0;2.969066493283511e-75;4.0487270362956973e-75
Freq;rRNA;tRNA;245511.0;2.7453816551600245e-75;3.7437022570363974e-75
Avg_BP_stems;tRNA;hairpin;699744.0;1.291980758044567e-75;1.9379711370668505e-75
CU;snoRNA;trf;28953996.0;2.975596450190831e-76;1.4877982250954154e-75
BP/GU;mature;snoRNA;15056597.5;4.3472549241206456e-77;1.630220596545242e-76
G+C;mature;hairpin;68322411.0;2.175276895456629e-78;6.5258306863698865e-78
A+U;rRNA;snoRNA;172669.0;9.468785132395883e-79;3.550794424648456e-78
G+C;rRNA;snoRNA;608361.5;8.10721081660295e-79;3.0402040562261063e-78
zSP;snoRNA;hairpin;4487877.0;6.714284490529386e-79;1.0071426735794079e-78
Tm;tRNA;trf;12596019.0;5.59235624655809e-80;9.320593744263484e-80
AC;tRNA;snoRNA;222054.0;3.153417148651427e-80;2.3650628614885704e-79
dS/L;mature;trf;422668892.0;2.3577035089841754e-80;3.929505848306959e-80
|G-U|/L;mature;rRNA;3351048.5;7.604793794052319e-81;1.9011984485130795e-80
AA;snoRNA;trf;29160816.0;3.153299683679522e-81;1.576649841839761e-80
dF;snoRNA;hairpin;2290523.0;7.49265095488122e-83;9.365813693601524e-83
MFEI3;mature;rRNA;3305289.5;4.702121374558238e-83;7.836868957597063e-83
MFEI2;rRNA;tRNA;250896.5;9.214658562927269e-84;1.5357764271545449e-83
|A-U|/L;mature;snoRNA;14778950.5;2.0070809377975063e-84;4.300887723851799e-84
CU;mature;trf;423931701.0;5.8274557023288474e-86;4.3705917767466353e-85
|G-C|/L;rRNA;hairpin;503357.0;5.763062129254002e-86;1.4407655323135003e-85
(G-U)/stems;mature;rRNA;10090106.0;7.96157289052687e-87;1.9903932226317174e-86
|G-U|/L;mature;tRNA;4210618.0;1.3621751427530303e-87;4.086525428259092e-87
dD;rRNA;hairpin;1676170.5;1.5351955743254356e-88;3.8379889358135886e-88
zSP;mature;trf;424526343.5;1.1439592771993088e-88;1.9065987953321814e-88
AU;mature;snoRNA;14557083.0;1.5819671012197738e-90;4.7459013036593215e-90
|A-U|/L;snoRNA;trf;29554995.5;3.60272464306986e-91;9.00681160767465e-91
CA;snoRNA;trf;29564446.0;2.0822968636495273e-91;1.5617226477371454e-90
pre-miRNA;rRNA;hairpin;480618.5;1.3474887355834665e-91;4.0424662067504e-91
CA;mature;trf;425475562.5;4.437301435713694e-93;6.655952153570541e-92
BP/AU;mature;tRNA;4083790.5;1.951246038607002e-93;3.6585863223881288e-93
dF;rRNA;hairpin;478217.0;3.7055686672186205e-94;5.053048182570847e-94
zG;mature;tRNA;11938218.0;4.46942890424603e-95;7.449048173743384e-95
dD;rRNA;trf;11130308.0;3.8277601293319605e-95;1.1483280387995881e-94
Tm;mature;rRNA;3062079.5;3.013722078211324e-95;5.650728896646232e-95
Avg_BP_stems;tRNA;trf;12971620.5;1.1582459819657095e-95;1.930409969942849e-95
dQ;rRNA;hairpin;1701586.0;3.8063648251353096e-96;9.515912062838274e-96
MFEI2;mature;rRNA;3037473.5;1.559145666662545e-96;2.923398124992272e-96
UG;tRNA;hairpin;619005.0;1.2363991924507951e-96;3.7091975773523854e-96
BP/AU;hairpin;trf;50644185.0;2.978593010803023e-97;6.38269930886362e-97
BP/AU;mature;rRNA;3009236.0;5.295706492230287e-98;1.3239266230575718e-97
dQ;rRNA;trf;11198487.5;2.0009043912121603e-98;6.002713173636481e-98
dF;rRNA;trf;11208867.5;6.196532124647091e-99;9.294798186970636e-99
Avg_BP_stems;rRNA;trf;11235552.0;3.1454863264361294e-100;5.897786862067743e-100
(G-C)/stems;tRNA;snoRNA;745310.0;2.2133679837065006e-100;3.018229068690683e-100
UU;snoRNA;trf;29928192.5;4.1317145870317425e-101;2.065857293515871e-100
dQ;mature;rRNA;2910390.5;2.768970444675967e-103;1.0383639167534876e-102
zP;snoRNA;hairpin;2150447.5;8.260397078015455e-104;1.3767328463359093e-103
dD;mature;rRNA;2888662.0;1.8113680738088997e-104;6.792630276783374e-104
(G-U)/stems;mature;tRNA;12139548.0;7.864542730529839e-105;2.3593628191589517e-104
tRNA;hairpin;trf;50127159.0;2.2621888673089055e-105;4.8475475728047975e-105
dH/L;mature;trf;428087413.5;8.944010851489113e-106;1.4906684752481855e-105
UU;rRNA;snoRNA;136213.5;1.2629835610752146e-106;9.47237670806411e-106
|G-C|/L;snoRNA;trf;15109739.5;7.683885227692487e-110;2.3051655683077464e-109
zG;rRNA;tRNA;265930.0;4.6148105465114175e-110;8.652769774708908e-110
AU;tRNA;hairpin;572136.0;4.56395044882491e-110;1.7114814183093413e-109
Avg_BP_stems;mature;tRNA;3739314.5;2.839095723611237e-110;6.083776550595508e-110
Avg_BP_stems;snoRNA;hairpin;2111009.5;2.2428590992162713e-110;5.607147748040678e-110
BP/GU;hairpin;trf;76268576.0;6.364623384625337e-111;3.182311692312668e-110
PosEntropy;rRNA;hairpin;1749934.0;1.660798151439933e-111;4.1519953785998325e-111
UU;hairpin;trf;76418518.5;2.063040897721824e-113;3.094561346582736e-112
snoRNA;rRNA;snoRNA;98972.0;1.2776734801812462e-114;3.833020440543739e-114
GG;tRNA;snoRNA;765352.5;3.6290344802161782e-115;1.0887103440648535e-114
MFEI3;rRNA;tRNA;269368.0;2.773375152896437e-116;5.20007841168082e-116
dH;tRNA;snoRNA;767049.5;1.859788306808509e-116;2.145909584779049e-116
pre-miRNA;tRNA;hairpin;551693.5;1.8577706386331374e-116;6.966639894874265e-116
Avg_BP_stems;mature;rRNA;2660644.5;3.0498582303711885e-117;9.149574691113565e-117
MFEI3;rRNA;trf;11589754.0;2.1888732035426376e-118;4.6904425790199375e-118
GG;rRNA;snoRNA;660064.5;1.2117173280020319e-119;4.5439399800076195e-119
MFEI4;snoRNA;hairpin;4752554.5;6.987779825072672e-120;1.0481669737609008e-119
(A-U)/stems;tRNA;hairpin;536645.0;8.543664761811086e-121;1.0679580952263858e-120
dS;tRNA;snoRNA;775073.5;1.0675731797134746e-122;1.2318152073617015e-122
dS;mature;trf;431830681.5;2.084294177666576e-125;2.60536772208322e-125
MFEI1;snoRNA;hairpin;4785788.0;5.593784886432292e-127;8.390677329648438e-127
zG;mature;trf;432349845.5;2.8947952521355133e-128;6.203132683147529e-128
Tm;mature;tRNA;3397925.5;2.373781946003223e-128;5.086675598578336e-128
(A-U)/stems;rRNA;trf;2674583.5;4.4521614800239364e-129;6.071129290941731e-129
dF;rRNA;tRNA;22891.0;1.676470636473379e-129;2.794117727455632e-129
zG;tRNA;snoRNA;152283.5;3.243665820607934e-131;8.109164551519835e-131
AC;mature;trf;432905198.0;2.349822395489952e-131;3.5247335932349277e-130
dF;tRNA;trf;13745885.5;1.629547373524103e-132;3.0554013253576936e-132
MFEI2;rRNA;trf;11849856.5;1.112213694330974e-132;2.3833150592806586e-132
MFEI2;rRNA;hairpin;1811616.5;8.666772407490911e-133;2.1666931018727275e-132
dF;mature;rRNA;2348309.0;6.151948059460625e-136;1.3182745841701338e-135
Tm/L;snoRNA;hairpin;1962554.5;1.2515718823671493e-136;1.877357823550724e-136
zG;mature;snoRNA;28707525.5;2.47140119724218e-137;7.414203591726541e-137
PosEntropy;rRNA;trf;11944846.5;4.056713297245234e-138;1.2170139891735703e-137
MFEI3;rRNA;hairpin;1826469.5;3.363023250650758e-138;8.407558126626894e-138
zP;rRNA;trf;11950204.0;1.987214347203414e-138;3.7260269010064016e-138
dF;tRNA;snoRNA;794913.0;4.92376224058594e-139;1.230940560146485e-138
zP;mature;rRNA;2294590.0;2.6559931122778555e-139;5.691413812023976e-139
snoRNA;tRNA;snoRNA;114109.5;1.491384348507419e-140;5.592691306902821e-140
GG;hairpin;trf;48063800.5;4.2024046562533325e-141;2.1012023281266662e-140
zQ;tRNA;trf;3405684.0;2.3072860657422534e-143;4.326161373266725e-143
PosEntropy;mature;rRNA;2218739.0;4.094226385594065e-144;1.5353348945977744e-143
BP/GU;mature;trf;338167377.0;7.473489570585462e-145;5.605117177939096e-144
(A-U)/stems;tRNA;trf;3353957.5;3.828830960944091e-146;5.743246441416137e-146
dH;mature;trf;435489931.0;3.0939000390605752e-146;3.867375048825719e-146
BP/AU;tRNA;hairpin;2147569.0;2.026813119487542e-146;6.080439358462626e-146
(G-C)/stems;rRNA;hairpin;321248.0;9.575234549664199e-147;1.43628518244963e-146
Tm;snoRNA;trf;31451856.0;3.858105150796377e-147;9.645262876990943e-147
zQ;mature;tRNA;12939656.0;2.4114978286529562e-148;5.1674953471134774e-148
CE/L;rRNA;trf;2305506.5;1.7524759834941297e-150;2.628713975241195e-150
UC;hairpin;trf;47494924.0;7.024171402207652e-152;5.268128551655739e-151
MFEI4;rRNA;trf;2275512.5;2.646606746839272e-152;4.41101124473212e-152
MFEI2;tRNA;snoRNA;124765.5;3.542218727131721e-154;1.0626656181395163e-153
MFEI1;rRNA;trf;2208752.0;2.2093524637836128e-156;3.6822541063060213e-156
zP;tRNA;trf;14202942.5;3.9616989139850675e-157;9.904247284962668e-157
|A-U|/L;tRNA;hairpin;425434.5;8.644932459453028e-158;2.5934797378359084e-157
MFEI4;tRNA;trf;3138033.5;4.509956854352948e-158;8.456169101911777e-158
dH;rRNA;tRNA;9263.0;3.796518060617592e-158;5.177070082660353e-158
zP;mature;tRNA;2878768.5;1.651421215987075e-158;4.954263647961226e-158
dS;rRNA;tRNA;9008.0;1.0255120080331458e-158;1.3984254654997443e-158
BP/AU;rRNA;hairpin;1880967.5;5.822714712609821e-159;2.183518017228683e-158
CE_dist;rRNA;hairpin;1883224.0;7.787460148919392e-160;1.168119022337909e-159
(G-U)/stems;snoRNA;trf;13489930.0;5.644448664419681e-161;2.1166682491573806e-160
UG;tRNA;snoRNA;116246.5;8.94951756006361e-162;3.3560690850238532e-161
|A-U|/L;rRNA;hairpin;279258.0;4.29295782264607e-163;1.6098591834922763e-162
Freq;rRNA;hairpin;1897084.0;2.300780140097214e-165;3.4511702101458214e-165
EAFE;snoRNA;hairpin;4992563.0;1.4596096751634482e-165;2.1894145127451724e-165
CG;snoRNA;trf;13349718.5;7.150806122219188e-166;3.575403061109594e-165
Div/ty;rRNA;hairpin;270286.0;1.0792762258705516e-166;1.6189143388058275e-166
Tm;snoRNA;hairpin;1803898.5;6.811156343260818e-168;2.0433469029782454e-167
MFEI3;mature;trf;439092905.5;2.5085297233499674e-168;7.525589170049903e-168
Diff;snoRNA;hairpin;5014861.5;7.41022043112261e-169;1.2350367385204352e-168
zG;rRNA;hairpin;1908164.0;5.8075953165507444e-170;2.1778482437065292e-169
dG;snoRNA;hairpin;5017809.0;8.325180527159564e-171;1.2487770790739345e-170
dF;mature;tRNA;2679838.5;6.694870007513314e-171;2.0084610022539943e-170
MFEI5;snoRNA;hairpin;5026717.0;4.233486080823747e-171;6.350229121235621e-171
|G-U|/L;snoRNA;trf;32168517.0;8.161751692603345e-172;3.0606568847262543e-171
Len;rRNA;tRNA;296293.5;5.209727118627239e-174;6.512158898284049e-174
Len;tRNA;snoRNA;101634.5;1.5440832129558002e-175;2.1055680176670005e-175
MFEI3;tRNA;snoRNA;100887.5;4.6040651697425696e-176;1.7265244386534636e-175
dD;snoRNA;hairpin;5061909.5;3.7003420257355316e-180;1.8501710128677655e-179
MFEI1;tRNA;trf;2750037.0;1.0494388104954803e-180;1.9676977696790256e-180
rRNA;rRNA;snoRNA;722984.5;5.898884880999157e-181;1.7696654642997471e-180
tRNA;tRNA;trf;14627722.5;6.969117756596515e-182;1.7422794391491288e-181
CU;hairpin;trf;80172337.0;1.306534739435883e-184;1.9598021091538244e-183
rRNA;rRNA;tRNA;278036.0;2.4504244404862423e-185;9.189091651823408e-185
tRNA;rRNA;tRNA;16217.5;3.5142326217716636e-190;1.0542697865314992e-189
GG;snoRNA;trf;12578844.5;4.672553873493721e-194;3.5044154051202907e-193
MFEI2;mature;trf;443095533.0;1.0531450249519725e-194;3.949293843569897e-194
CE/L;tRNA;trf;2452211.0;4.518770108324657e-199;7.531283513874429e-199
CE/L;snoRNA;hairpin;5148484.0;3.142006642362688e-199;5.891262454430041e-199
(A-U)/stems;rRNA;hairpin;193108.5;2.414624714270593e-199;4.024374523784322e-199
dQ;snoRNA;hairpin;5164829.0;6.097813752537146e-203;3.048906876268573e-202
zD;tRNA;trf;2377044.0;7.160211326080269e-204;1.3425396236400504e-203
(A-U)/stems;mature;rRNA;11955840.5;3.5832280004955674e-204;6.71855250092919e-204
Diff;rRNA;trf;12998894.0;9.502265153110713e-206;1.7816747162082586e-205
zQ;rRNA;trf;1433406.5;1.0141833143526285e-207;2.5354582858815714e-207
BP/AU;mature;snoRNA;11230638.0;4.311738411145174e-208;2.155869205572587e-207
dD;snoRNA;trf;33139258.5;2.6421851732475816e-208;1.981638879935686e-207
zQ;mature;rRNA;12031580.5;5.246654138188317e-210;1.5739962414564952e-209
GU;mature;trf;327968169.0;3.6649041279188652e-211;5.497356191878298e-210
Diff;tRNA;trf;15098081.0;1.8131500879713817e-211;3.885321617081532e-211
BP/GC;mature;tRNA;2054037.5;5.067285106966469e-213;8.445475178277449e-213
BP/GC;mature;rRNA;1236309.5;6.376260924962839e-214;1.1955489234305323e-213
AU;snoRNA;trf;33305092.5;6.829044397006671e-215;3.414522198503335e-214
dQ;snoRNA;trf;33305481.5;6.773578793292112e-215;5.080184094969084e-214
dP;snoRNA;hairpin;1585688.0;3.1670927553846245e-216;4.750639133076937e-216
Tm/L;rRNA;trf;13148408.5;1.8830606489209305e-216;3.1384344148682177e-216
dP;mature;trf;327187135.0;9.377575870060099e-217;1.5629293116766833e-216
rRNA;rRNA;hairpin;2019257.0;1.808508183029095e-217;9.042540915145474e-217
BP/GC;rRNA;trf;13180400.0;8.822412514304183e-219;1.8905169673508963e-218
zSP;tRNA;trf;2137000.0;1.4895032695086398e-219;2.7928186303286996e-219
dH;rRNA;hairpin;148157.5;1.0275390077803166e-219;1.541308511670475e-219
dQ;mature;snoRNA;10959106.5;7.616542190101273e-220;1.1424813285151908e-218
BP/GC;tRNA;trf;15228221.0;4.908772721411347e-220;1.2271931803528366e-219
zD;mature;tRNA;14093112.5;1.581160807574577e-224;3.3882017305169503e-224
zSP;rRNA;trf;1185938.0;1.1409457669863142e-225;2.4448837863992446e-225
Tm;mature;trf;325854204.5;1.776514370006856e-226;6.66192888752571e-226
dD;mature;snoRNA;10787190.5;1.8241697578156906e-227;2.736254636723536e-226
tRNA;tRNA;snoRNA;885674.0;2.7862695682315572e-229;1.0448510880868339e-228
dS;rRNA;hairpin;127527.5;2.119184466982987e-229;3.1787767004744805e-229
Diff;mature;rRNA;1017570.5;2.2616010419605718e-231;5.654002604901429e-231
EAFE;rRNA;trf;1088524.0;6.440061324111384e-233;1.073343554018564e-232
Diff;mature;tRNA;1758448.0;1.5466341936471934e-234;4.63990258094158e-234
CE/L;mature;rRNA;12347202.5;3.7508845336508914e-235;8.037609714966196e-235
dG;rRNA;trf;1048072.0;5.747979325226741e-236;9.579965542044569e-236
Tm/L;tRNA;trf;15518357.5;9.210276555326453e-240;1.72692685412371e-239
rRNA;mature;rRNA;907460.0;2.220815395646794e-240;1.6656115467350954e-239
Tm/L;mature;rRNA;903563.0;1.0190378473938226e-240;2.18365253012962e-240
rRNA;rRNA;trf;13474520.5;1.0086980448563744e-240;1.5130470672845615e-239
Len;rRNA;hairpin;2065174.0;6.31698512583704e-241;9.47547768875556e-241
MFEI3;mature;snoRNA;10479001.5;2.0141121203105046e-241;1.0070560601552523e-240
(A-U)/stems;mature;tRNA;14329800.0;4.1198735098087065e-242;8.828300378161514e-242
PosEntropy;snoRNA;hairpin;5329386.0;3.1492608814197937e-242;1.574630440709897e-241
|G-U|/L;mature;snoRNA;10455634.0;1.7488904782282952e-242;8.744452391141475e-242
pre-miRNA;snoRNA;hairpin;1457822.5;6.152160093321445e-246;3.076080046660722e-245
zD;rRNA;trf;903749.5;5.1949914452664045e-247;1.2987478613166012e-246
dP;rRNA;trf;13564551.0;1.196759674522193e-247;2.2439243897291118e-247
Tm/L;mature;trf;322980031.0;3.611551923464269e-248;9.028879808660672e-248
AA;mature;hairpin;39604293.5;2.3019026846389927e-248;1.7264270134792445e-247
CC;mature;trf;322676269.0;1.612179713184535e-250;2.4182695697768026e-249
MFEI1;mature;rRNA;12589083.0;2.0712498912166147e-255;4.438392624035603e-255
MFEI4;mature;rRNA;12608247.5;5.137627828738872e-257;1.1009202490154726e-256
(G-U)/stems;mature;snoRNA;31643763.0;6.688449435475311e-258;3.344224717737655e-257
zD;mature;rRNA;12623446.5;2.4674940753314292e-258;7.402482225994288e-258
zSP;mature;rRNA;12635889.5;2.1020929280952103e-259;5.255232320238025e-259
dP;mature;rRNA;664057.5;5.265842222471668e-261;1.1283947619582144e-260
dH;snoRNA;hairpin;1395425.0;2.3465993243898902e-263;3.9109988739831506e-263
MFEI4;snoRNA;trf;10870768.0;1.6735314292290054e-264;4.183828573072513e-264
BP/GU;mature;hairpin;38957351.0;5.858046362848184e-266;8.787069544272276e-265
MFEI4;mature;tRNA;14640884.5;2.9772471797670546e-266;8.931741539301164e-266
A+U;snoRNA;trf;34531563.5;8.695874619201601e-267;4.3479373096008e-266
G+C;snoRNA;trf;10815960.5;6.357692685150329e-267;3.1788463425751645e-266
UG;snoRNA;trf;34560382.0;4.345594141992174e-268;2.172797070996087e-267
MFEI1;snoRNA;trf;10783295.5;2.2004083633479085e-268;5.501020908369771e-268
Tm;mature;snoRNA;9903626.5;1.3174670734141394e-268;6.587335367070696e-268
dG;tRNA;trf;1432762.5;7.275769398859816e-269;1.3642067622862155e-268
Len;snoRNA;hairpin;5433277.0;1.87581898615015e-269;3.1263649769169166e-269
zSP;mature;tRNA;14685957.0;7.336021993739647e-270;2.2008065981218943e-269
EAFE;tRNA;trf;1392851.5;8.216605584366932e-272;1.5406135470687999e-271
tRNA;tRNA;hairpin;2462478.0;5.513639113725932e-274;2.756819556862966e-273
Tm/L;mature;tRNA;1242396.0;1.3447787921755128e-274;4.0343363765265387e-274
BP/AU;snoRNA;hairpin;5462747.5;1.159985745831656e-276;8.699893093737421e-276
Avg_BP_stems;snoRNA;trf;34753461.0;8.736608959428661e-277;3.2762283597857483e-276
MFEI4;mature;trf;454427301.5;6.809976616852403e-280;2.553741231319651e-279
BP/GC;snoRNA;hairpin;5476877.5;1.9388750001185018e-280;5.816625000355506e-280
|G-C|/L;hairpin;trf;84325633.5;9.876758494831968e-284;3.703784435561988e-283
(A-U)/stems;mature;trf;455079460.5;2.8774138423636e-285;7.193534605909e-285
MFEI1;mature;tRNA;14914393.0;1.9351691421595287e-288;5.8055074264785866e-288
CE/L;mature;tRNA;14915464.0;1.5769467611206226e-288;3.9423669028015565e-288
MFEI5;rRNA;trf;374205.5;9.835184512342817e-290;1.6391974187238029e-289
dS;snoRNA;hairpin;1273769.5;5.887683387268109e-296;9.812805645446849e-296
tRNA;mature;tRNA;975544.5;1.4117436716889369e-296;1.0588077537667026e-295
EAFE;mature;rRNA;13053414.5;1.311693842931669e-296;2.810772520567862e-296
dG;mature;rRNA;13064879.5;1.1842713486205148e-297;2.5377243184725316e-297
dF;snoRNA;trf;35208214.5;6.900755915250271e-298;2.5877834682188516e-297
CE_dist;snoRNA;hairpin;5544475.0;7.379373059703612e-299;1.2298955099506022e-298
CE_dist;rRNA;trf;14226018.5;1.3390590246599008e-301;2.510735671237314e-301
Freq;rRNA;trf;14239146.0;1.0047113646952606e-302;1.6745189411587677e-302
dS/L;rRNA;trf;210091.0;1.1924827882496259e-303;2.2359052279680485e-303
dP;tRNA;trf;16393912.5;1.7356017937386786e-304;4.339004484346696e-304
snoRNA;snoRNA;hairpin;5574522.5;1.5329534982841886e-304;7.664767491420943e-304
CE_dist;mature;rRNA;173862.5;4.814071764900137e-305;1.031586806764315e-304
Freq;mature;rRNA;169956.0;2.0773757227429805e-305;3.8950794801430886e-305
|G-U|/L;hairpin;trf;85144093.0;8.70129258946845e-306;6.525969442101337e-305
dH/L;rRNA;trf;184369.0;7.295165548836756e-306;1.3678435404068917e-305
dS/L;mature;rRNA;13160814.5;1.418741769347644e-306;3.04016093431638e-306
CE/L;snoRNA;trf;9941483.5;2.020140392169151e-307;6.0604211765074535e-307
MFEI5;mature;rRNA;13180791.0;2.0474925163179375e-308;3.839048468096133e-308
dH/L;mature;rRNA;13181790.5;1.529404260640168e-308;3.2772948442289316e-308
Div/ty;rRNA;trf;146876.0;4.18790527328563e-309;6.97984212214272e-309
Div/ty;mature;rRNA;13201519.5;2.12822453360484e-310;3.9904210005091e-310
zG;hairpin;trf;36340568.5;0.0;0.0
Len;mature;rRNA;0.0;0.0;0.0
zD;hairpin;trf;12976913.5;0.0;0.0
zP;snoRNA;trf;36649321.5;0.0;0.0
zP;hairpin;trf;111019112.5;0.0;0.0
zD;mature;snoRNA;39332295.0;0.0;0.0
zD;mature;hairpin;105881212.5;0.0;0.0
dF;mature;hairpin;21022048.5;0.0;0.0
zD;snoRNA;trf;3153208.5;0.0;0.0
dF;mature;snoRNA;7359663.5;0.0;0.0
zQ;mature;snoRNA;37233520.5;0.0;0.0
zP;mature;snoRNA;7882536.5;0.0;0.0
zQ;mature;hairpin;98890453.5;0.0;0.0
zQ;snoRNA;trf;5056776.5;0.0;0.0
zQ;hairpin;trf;19214941.5;0.0;0.0
zSP;mature;snoRNA;39025253.0;0.0;0.0
zSP;mature;hairpin;110619385.0;0.0;0.0
zSP;hairpin;trf;8976784.5;0.0;0.0
zSP;snoRNA;trf;4567811.0;0.0;0.0
zP;mature;hairpin;13845861.5;0.0;0.0
zG;snoRNA;hairpin;5755011.0;0.0;0.0
Len;mature;tRNA;0.0;0.0;0.0
CE/L;mature;hairpin;108463907.5;0.0;0.0
Len;mature;snoRNA;0.0;0.0;0.0
Len;mature;hairpin;0.0;0.0;0.0
Len;rRNA;trf;14460022.0;0.0;0.0
Len;tRNA;trf;17357822.0;0.0;0.0
Len;snoRNA;trf;45350367.0;0.0;0.0
Len;hairpin;trf;126054283.0;0.0;0.0
CE/L;mature;snoRNA;36960562.5;0.0;0.0
CE/L;mature;trf;467629983.5;0.0;0.0
zG;mature;hairpin;91658647.0;0.0;0.0
CE/L;hairpin;trf;14492296.0;0.0;0.0
CE_dist;mature;tRNA;487885.0;0.0;0.0
CE_dist;mature;snoRNA;406690.5;0.0;0.0
CE_dist;mature;hairpin;20035650.0;0.0;0.0
CE_dist;tRNA;trf;16550893.5;0.0;0.0
CE_dist;snoRNA;trf;44571056.5;0.0;0.0
CE_dist;hairpin;trf;101994191.0;0.0;0.0
pre-miRNA;mature;hairpin;24348910.0;0.0;0.0
PosEntropy;snoRNA;trf;35876506.0;0.0;0.0
BP/AU;mature;trf;310593794.0;0.0;0.0
dP;mature;tRNA;713547.0;0.0;0.0
EAFE;mature;tRNA;15551884.5;0.0;0.0
PosEntropy;mature;snoRNA;8529044.0;0.0;0.0
dP;hairpin;trf;120993257.5;0.0;0.0
dP;snoRNA;trf;41653210.0;0.0;0.0
dP;mature;hairpin;3696692.0;0.0;0.0
dP;mature;snoRNA;2657935.0;0.0;0.0
dG;hairpin;trf;9473272.0;0.0;0.0
MFEI5;tRNA;trf;440707.5;0.0;0.0
dG;snoRNA;trf;5991180.0;0.0;0.0
dG;mature;trf;478789039.5;0.0;0.0
dG;mature;hairpin;112799334.0;0.0;0.0
dG;mature;snoRNA;39837567.0;0.0;0.0
dG;mature;tRNA;15550383.0;0.0;0.0
MFEI5;hairpin;trf;3595876.0;0.0;0.0
EAFE;mature;snoRNA;39735448.0;0.0;0.0
EAFE;mature;hairpin;112618703.0;0.0;0.0
EAFE;mature;trf;482473446.0;0.0;0.0
EAFE;snoRNA;trf;6207902.0;0.0;0.0
EAFE;hairpin;trf;9863982.0;0.0;0.0
Div/ty;mature;tRNA;15638722.5;0.0;0.0
Div/ty;mature;snoRNA;41430600.0;0.0;0.0
Div/ty;mature;hairpin;104158413.0;0.0;0.0
Div/ty;tRNA;trf;503059.5;0.0;0.0
Div/ty;snoRNA;hairpin;1163329.5;0.0;0.0
Div/ty;snoRNA;trf;491089.5;0.0;0.0
Div/ty;hairpin;trf;14220486.0;0.0;0.0
Freq;mature;tRNA;351721.0;0.0;0.0
Freq;mature;snoRNA;275549.5;0.0;0.0
Freq;mature;hairpin;19521637.5;0.0;0.0
Freq;tRNA;trf;16702525.0;0.0;0.0
Freq;snoRNA;hairpin;5595429.0;0.0;0.0
MFEI5;snoRNA;trf;2216326.5;0.0;0.0
MFEI5;mature;trf;473568859.0;0.0;0.0
BP/GC;hairpin;trf;101769395.5;0.0;0.0
A+U;hairpin;trf;88671633.5;0.0;0.0
GG;mature;trf;287107424.0;0.0;0.0
CG;hairpin;trf;37138510.0;0.0;0.0
CG;mature;trf;284088731.0;0.0;0.0
AU;hairpin;trf;99043770.0;0.0;0.0
AU;mature;hairpin;30794066.0;0.0;0.0
AA;hairpin;trf;88556673.5;0.0;0.0
A+U;mature;trf;486882234.5;0.0;0.0
MFEI5;mature;hairpin;114744806.0;0.0;0.0
G+C;hairpin;trf;37600261.0;0.0;0.0
G+C;mature;trf;286530508.5;0.0;0.0
snoRNA;snoRNA;trf;39828696.0;0.0;0.0
snoRNA;mature;snoRNA;5084445.0;0.0;0.0
tRNA;mature;trf;312258944.0;0.0;0.0
pre-miRNA;hairpin;trf;99779218.0;0.0;0.0
UC;mature;trf;313804555.0;0.0;0.0
UG;mature;trf;479026506.0;0.0;0.0
UG;hairpin;trf;86574285.5;0.0;0.0
MFEI1;mature;snoRNA;37343830.0;0.0;0.0
MFEI1;mature;hairpin;107948995.0;0.0;0.0
MFEI1;mature;trf;475196336.0;0.0;0.0
MFEI1;hairpin;trf;19947863.0;0.0;0.0
MFEI2;mature;snoRNA;8967146.5;0.0;0.0
MFEI2;snoRNA;hairpin;5817069.5;0.0;0.0
MFEI2;snoRNA;trf;37770220.0;0.0;0.0
MFEI3;snoRNA;hairpin;5637307.0;0.0;0.0
MFEI3;snoRNA;trf;36303637.0;0.0;0.0
MFEI4;mature;snoRNA;36873589.5;0.0;0.0
MFEI4;mature;hairpin;105534486.5;0.0;0.0
MFEI4;hairpin;trf;21791649.5;0.0;0.0
MFEI5;mature;tRNA;15821111.0;0.0;0.0
MFEI5;mature;snoRNA;40943256.5;0.0;0.0
Freq;snoRNA;trf;44745577.5;0.0;0.0
Freq;hairpin;trf;102401612.0;0.0;0.0
Diff;mature;snoRNA;3437158.5;0.0;0.0
|G-C|/L;snoRNA;hairpin;1097956.5;0.0;0.0
(A-U)/stems;mature;hairpin;91373277.5;0.0;0.0
(A-U)/stems;mature;snoRNA;37377194.5;0.0;0.0
Avg_BP_stems;hairpin;trf;108504895.5;0.0;0.0
Avg_BP_stems;mature;hairpin;14557002.5;0.0;0.0
Avg_BP_stems;mature;snoRNA;8946416.5;0.0;0.0
|G-U|/L;mature;hairpin;33292875.5;0.0;0.0
|G-C|/L;mature;trf;304700629.0;0.0;0.0
Diff;mature;hairpin;23372637.0;0.0;0.0
|G-C|/L;mature;hairpin;27283856.5;0.0;0.0
|A-U|/L;hairpin;trf;112083757.5;0.0;0.0
|A-U|/L;snoRNA;hairpin;1129755.5;0.0;0.0
|A-U|/L;mature;hairpin;13923028.5;0.0;0.0
Tm/L;hairpin;trf;117655170.5;0.0;0.0
Tm/L;snoRNA;trf;40382262.0;0.0;0.0
(A-U)/stems;snoRNA;hairpin;1160792.0;0.0;0.0
(A-U)/stems;snoRNA;trf;8817179.0;0.0;0.0
(A-U)/stems;hairpin;trf;39852973.5;0.0;0.0
(G-C)/stems;mature;rRNA;13239800.0;0.0;0.0
(G-C)/stems;mature;tRNA;15886328.0;0.0;0.0
(G-C)/stems;mature;snoRNA;41559806.0;0.0;0.0
(G-C)/stems;mature;hairpin;113437008.0;0.0;0.0
(G-C)/stems;rRNA;trf;84719.5;0.0;0.0
(G-C)/stems;tRNA;trf;162623.5;0.0;0.0
(G-C)/stems;snoRNA;hairpin;1005548.5;0.0;0.0
(G-C)/stems;snoRNA;trf;239531.5;0.0;0.0
(G-C)/stems;hairpin;trf;3783044.5;0.0;0.0
(G-U)/stems;mature;hairpin;88028575.5;0.0;0.0
(G-U)/stems;hairpin;trf;37644783.0;0.0;0.0
BP/GC;mature;snoRNA;2565707.5;0.0;0.0
BP/GC;mature;hairpin;22887603.5;0.0;0.0
BP/GC;snoRNA;trf;42698361.0;0.0;0.0
Tm/L;mature;hairpin;5618455.5;0.0;0.0
Tm/L;mature;snoRNA;3369462.5;0.0;0.0
Tm;hairpin;trf;104412534.5;0.0;0.0
dH/L;snoRNA;trf;563329.5;0.0;0.0
Diff;snoRNA;trf;40575673.0;0.0;0.0
Diff;hairpin;trf;97531543.0;0.0;0.0
dH;mature;rRNA;13303653.5;0.0;0.0
dH;mature;tRNA;15987310.0;0.0;0.0
dH;mature;snoRNA;41769850.0;0.0;0.0
dH;mature;hairpin;115348073.0;0.0;0.0
dH;rRNA;trf;24452.5;0.0;0.0
dH;tRNA;trf;12.0;0.0;0.0
dH;snoRNA;trf;930.0;0.0;0.0
dH;hairpin;trf;1776661.5;0.0;0.0
dH/L;mature;tRNA;15921382.0;0.0;0.0
dH/L;mature;snoRNA;41493550.0;0.0;0.0
dH/L;mature;hairpin;104090503.5;0.0;0.0
dH/L;tRNA;trf;134632.5;0.0;0.0
dH/L;hairpin;trf;14954429.5;0.0;0.0
Tm;mature;hairpin;15458907.0;0.0;0.0
dS;mature;rRNA;13300985.0;0.0;0.0
dS;mature;tRNA;15987310.0;0.0;0.0
dS;mature;snoRNA;41769850.0;0.0;0.0
dS;mature;hairpin;115134099.0;0.0;0.0
dS;rRNA;trf;27798.0;0.0;0.0
dS;tRNA;trf;15.0;0.0;0.0
dS;snoRNA;trf;1184.0;0.0;0.0
dS;hairpin;trf;2051570.0;0.0;0.0
dS/L;mature;tRNA;15900430.0;0.0;0.0
dS/L;mature;snoRNA;41396081.5;0.0;0.0
dS/L;mature;hairpin;102572659.5;0.0;0.0
dS/L;tRNA;trf;159887.5;0.0;0.0
dS/L;snoRNA;trf;682583.0;0.0;0.0
dS/L;hairpin;trf;16626896.5;0.0;0.0
dF;hairpin;trf;97849126.0;0.0;0.0
