Column;Initial Label 1;Initial Label 2;KS statistic;pvalue
MFEI2;rRNA;snoRNA;0.070749806321909;0.04271952750020236
Tm/L;tRNA;snoRNA;0.06697531028817998;0.038810009591887185
BP/AU;tRNA;snoRNA;0.06955468912511267;0.028538169724920737
Tm;rRNA;snoRNA;0.07633285740810695;0.022843602958337206
MFEI3;rRNA;snoRNA;0.0808095424074987;0.013357693899513023
Tm/L;rRNA;tRNA;0.09914988574812396;0.008615327112123983
zSP;rRNA;snoRNA;0.08568190694488018;0.007189122564378647
dD;rRNA;snoRNA;0.0883287341456075;0.005061546966902752
dS/L;rRNA;tRNA;0.10413146827879464;0.004919119897536128
dP;rRNA;snoRNA;0.08925582794982938;0.0044627289549927784
dH/L;rRNA;tRNA;0.1067811750378888;0.0036096648772909745
dQ;rRNA;snoRNA;0.0914378277321416;0.00330493926005071
UC;rRNA;snoRNA;0.0933611632210107;0.002518454150581495
BP/GU;rRNA;tRNA;0.11445595698910342;0.0014164364404845031
|A-U|/L;tRNA;snoRNA;0.09480870673700043;0.0007615305856928378
|G-U|/L;rRNA;tRNA;0.12345559231986511;0.00043531873761504247
dD;tRNA;snoRNA;0.09987785819816841;0.0003216137694306287
zQ;mature;trf;0.01772862869497438;0.0003183363724245917
|G-U|/L;tRNA;snoRNA;0.10047843317136655;0.00028964339522186133
UA;tRNA;snoRNA;0.1014769023985663;0.00024286928329053659
Tm/L;rRNA;snoRNA;0.11182492781089336;0.00013988875775861054
trfs;mature;rRNA;0.10213563132259273;6.656221879016199e-05
BP/AU;rRNA;tRNA;0.13782489854500318;5.500394609259107e-05
snoRNA;rRNA;hairpin;0.10883053463248336;4.4914558374853364e-05
PosEntropy;rRNA;snoRNA;0.12501936780910064;1.2862280738379361e-05
trfs;mature;tRNA;0.10213563132259273;8.940409766784571e-06
BP/AU;rRNA;snoRNA;0.1273960060696473;8.14301640850168e-06
MFEI4;rRNA;tRNA;0.15115372648468892;6.5807599534117855e-06
BP/GU;tRNA;snoRNA;0.12094385210707942;5.532654795192826e-06
|A-U|/L;rRNA;snoRNA;0.13085596112352502;4.112647713605533e-06
AC;rRNA;snoRNA;0.13201354786249817;3.26077753931564e-06
|A-U|/L;rRNA;tRNA;0.1554963014509821;3.1554914137199574e-06
dP;rRNA;tRNA;0.15586097068929178;2.9653990833988786e-06
Avg_BP_stems;rRNA;tRNA;0.16144475930157476;1.1472292263947637e-06
zG;rRNA;snoRNA;0.1385185706877013;8.494240271161857e-07
CA;rRNA;tRNA;0.1632112304743042;8.133435913659781e-07
snoRNA;tRNA;hairpin;0.11885057471264368;6.129478048455539e-07
Div/ty;rRNA;snoRNA;0.14066983807871333;5.368419370155308e-07
G/C;rRNA;snoRNA;0.1413664389481839;4.61938786555649e-07
zQ;tRNA;hairpin;0.1239548673075816;1.6443615213912466e-07
dD;rRNA;tRNA;0.1727829615825976;1.4281451055087047e-07
AA;tRNA;snoRNA;0.13764687685012827;1.2670077109699918e-07
Mature;rRNA;trf;0.13130650838567193;7.667909080840809e-08
Tm;tRNA;snoRNA;0.14022625568706096;6.769314575549856e-08
CE/L;rRNA;tRNA;0.17655009518201678;6.639314409362385e-08
zD;tRNA;hairpin;0.12780726498186634;5.868677566134295e-08
MFEI5;rRNA;snoRNA;0.1520190540826061;4.2231999342057236e-08
Tm;rRNA;tRNA;0.18388028143097548;1.540821914502999e-08
(G-U)/stems;rRNA;snoRNA;0.15920403106532555;7.62557239575301e-09
UC;rRNA;hairpin;0.14697625135328127;6.637807858922429e-09
CA;tRNA;hairpin;0.13602133824573523;5.865375962699204e-09
(G-C)/stems;rRNA;snoRNA;0.16193025027691166;3.905105239176976e-09
Mature;tRNA;trf;0.13130650838567193;2.763438079039327e-09
CE_dist;rRNA;snoRNA;0.16637876391761158;1.272451810585551e-09
dQ;rRNA;tRNA;0.19647642530469955;1.139546901285371e-09
Freq;rRNA;snoRNA;0.16849929891732346;7.38045291548417e-10
MFEI1;tRNA;hairpin;0.14318308291597107;6.993536860733229e-10
GC;rRNA;tRNA;0.1993034482989351;5.904770006281979e-10
dQ;tRNA;snoRNA;0.1610351651047806;2.791726849693532e-10
AA;rRNA;snoRNA;0.17365849910683986;1.9089141378714203e-10
AG;rRNA;hairpin;0.1626932024969479;8.068568035923818e-11
|G-U|/L;tRNA;hairpin;0.15097499664191277;6.100142613263415e-11
CE/L;rRNA;snoRNA;0.17837592117141632;5.321554308324039e-11
(A-U)/stems;tRNA;snoRNA;0.16683076693317403;5.273581571429986e-11
dQ;mature;trf;0.030106466214689653;2.251559534452342e-11
GG;rRNA;tRNA;0.2155864316278634;1.3881784610703107e-11
Avg_BP_stems;tRNA;snoRNA;0.17177084277843263;1.2179146580137967e-11
AA;rRNA;tRNA;0.21634253481922108;1.1664003096711895e-11
Diff;rRNA;snoRNA;0.18397305793696017;1.1263767696334526e-11
(A-U)/stems;rRNA;snoRNA;0.18652896848009118;5.443090422829755e-12
zQ;rRNA;hairpin;0.17375670881993874;2.7553515025147135e-12
dD;mature;trf;0.03136538950324741;2.6174118007951695e-12
GA;rRNA;snoRNA;0.1900721570937402;1.952993322618113e-12
dP;tRNA;snoRNA;0.17776485836351322;1.9322321520576224e-12
zD;rRNA;hairpin;0.1769446939856725;9.987566329527908e-13
(G-U)/stems;tRNA;hairpin;0.16395218083779478;7.824851877558103e-13
dG;rRNA;tRNA;0.23398717301046165;1.3877787807814457e-13
MFEI5;rRNA;tRNA;0.2350410336532832;1.0647038806155251e-13
|G-U|/L;rRNA;hairpin;0.18386750512519293;1.0469403122215226e-13
trfs;mature;snoRNA;0.10213563132259273;7.083306571910164e-14
PosEntropy;mature;trf;0.033389048437955315;6.843245794877144e-14
UA;tRNA;hairpin;0.17133843762592826;5.6066262743570405e-14
GU;rRNA;hairpin;0.18576555409669915;5.440092820663267e-14
Diff;mature;trf;0.033619895001287925;4.4508037385458155e-14
AU.1;rRNA;hairpin;0.18666666666666668;3.9968028886505635e-14
CG;tRNA;trf;0.16461293358118312;2.2799596046643488e-14
GA;tRNA;snoRNA;0.1924741448740446;1.6653345369377348e-14
CC;rRNA;tRNA;0.24268905088975948;1.3655743202889425e-14
AG;rRNA;tRNA;0.24504434578673207;8.104628079763643e-15
CA;rRNA;snoRNA;0.2092722185585228;5.329070518200751e-15
AU;rRNA;hairpin;0.4420634372192661;2.7755575615628914e-15
dP;rRNA;hairpin;0.4696897242761385;2.7755575615628914e-15
Tm/L;rRNA;hairpin;0.45080920461612883;2.7755575615628914e-15
CU;rRNA;hairpin;0.23065855849630296;2.7755575615628914e-15
BP/GC;rRNA;hairpin;0.4120926911293852;2.7755575615628914e-15
UG;rRNA;hairpin;0.2120733420864718;2.7755575615628914e-15
UA;rRNA;hairpin;0.28610646580517357;2.7755575615628914e-15
UU;rRNA;hairpin;0.43104323589708154;2.7755575615628914e-15
A+U;rRNA;hairpin;0.3587929882754014;2.7755575615628914e-15
G/C;rRNA;hairpin;0.21047934950360492;2.7755575615628914e-15
pre-miRNA;rRNA;hairpin;0.5571662865961808;2.7755575615628914e-15
CC;rRNA;hairpin;0.3896146315619745;2.7755575615628914e-15
Freq;rRNA;hairpin;0.6031327021859811;2.7755575615628914e-15
CE/L;rRNA;hairpin;0.4508290143505402;2.7755575615628914e-15
|A-U|/L;rRNA;hairpin;0.6301541013060604;2.7755575615628914e-15
Len;rRNA;hairpin;0.8348821781494022;2.7755575615628914e-15
CG;rRNA;hairpin;0.2997392486121669;2.7755575615628914e-15
CA;rRNA;hairpin;0.2052721535024071;2.7755575615628914e-15
CE_dist;rRNA;hairpin;0.5862211779881602;2.7755575615628914e-15
Diff;rRNA;hairpin;0.5644419874231221;2.7755575615628914e-15
|G-C|/L;rRNA;hairpin;0.4720028562872872;2.7755575615628914e-15
BP/GU;rRNA;hairpin;0.26004929399027943;2.7755575615628914e-15
dG;rRNA;hairpin;0.4262013682537489;2.7755575615628914e-15
MFEI4;rRNA;hairpin;0.2668408080528874;2.7755575615628914e-15
dF;rRNA;hairpin;0.49284269688802895;2.7755575615628914e-15
Tm;rRNA;hairpin;0.4849621081242946;2.7755575615628914e-15
rRNA;rRNA;hairpin;0.860509064105222;2.7755575615628914e-15
dH/L;rRNA;hairpin;0.40032893372952805;2.7755575615628914e-15
dQ;rRNA;hairpin;0.4854965102619031;2.7755575615628914e-15
dS/L;rRNA;hairpin;0.4356612074724161;2.7755575615628914e-15
zP;rRNA;hairpin;0.2672499021030567;2.7755575615628914e-15
MFEI5;rRNA;hairpin;0.5000796996291433;2.7755575615628914e-15
GG;rRNA;hairpin;0.40410199709764355;2.7755575615628914e-15
MFEI1;rRNA;hairpin;0.2731324718402322;2.7755575615628914e-15
Avg_BP_stems;rRNA;hairpin;0.32826526616451296;2.7755575615628914e-15
GA;rRNA;hairpin;0.29603160343675855;2.7755575615628914e-15
dD;rRNA;hairpin;0.4637223873033423;2.7755575615628914e-15
(G-C)/stems;rRNA;hairpin;0.5987598184875498;2.7755575615628914e-15
AC;rRNA;hairpin;0.3328482251860042;2.7755575615628914e-15
AA;rRNA;hairpin;0.31413723999723586;2.7755575615628914e-15
(G-U)/stems;rRNA;hairpin;0.21797572155805864;2.7755575615628914e-15
EAFE;rRNA;hairpin;0.41156381728975194;2.7755575615628914e-15
dS;rRNA;hairpin;0.7985202589086219;2.7755575615628914e-15
zG;rRNA;hairpin;0.6599447170202474;2.7755575615628914e-15
BP/AU;rRNA;hairpin;0.6145818072927464;2.7755575615628914e-15
dH;rRNA;hairpin;0.7688351415474628;2.7755575615628914e-15
MFEI3;rRNA;hairpin;0.5806891944809158;2.7755575615628914e-15
G+C;rRNA;hairpin;0.4461414783590169;2.7755575615628914e-15
(A-U)/stems;rRNA;hairpin;0.7027429571787253;2.7755575615628914e-15
PosEntropy;rRNA;hairpin;0.489334531131228;2.7755575615628914e-15
Div/ty;rRNA;hairpin;0.6021680141892981;2.7755575615628914e-15
GC;rRNA;hairpin;0.2927726717803423;2.7755575615628914e-15
zSP;rRNA;hairpin;0.24243797940709005;2.7755575615628914e-15
MFEI2;rRNA;hairpin;0.5403791491028033;2.7755575615628914e-15
MFEI1;tRNA;snoRNA;0.46974563569740835;2.55351295663786e-15
Len;tRNA;snoRNA;0.7254369636294783;2.55351295663786e-15
MFEI4;tRNA;snoRNA;0.32203832799074067;2.55351295663786e-15
GC;tRNA;snoRNA;0.3126158080293567;2.55351295663786e-15
UC;tRNA;snoRNA;0.2714332193698763;2.55351295663786e-15
GG;tRNA;snoRNA;0.5474043533685002;2.55351295663786e-15
CG;tRNA;snoRNA;0.4497165136782817;2.55351295663786e-15
MFEI2;tRNA;snoRNA;0.5969256535119768;2.55351295663786e-15
GU;tRNA;snoRNA;0.26730279966077647;2.55351295663786e-15
(G-C)/stems;tRNA;snoRNA;0.49911727213086776;2.55351295663786e-15
|G-C|/L;tRNA;snoRNA;0.4372121800444831;2.55351295663786e-15
BP/GC;tRNA;snoRNA;0.39175942865372;2.55351295663786e-15
UG;tRNA;snoRNA;0.6404934742142122;2.55351295663786e-15
UU;tRNA;snoRNA;0.3074101137678879;2.55351295663786e-15
CU;tRNA;snoRNA;0.31111703744792973;2.55351295663786e-15
MFEI3;tRNA;snoRNA;0.6443358739539274;2.55351295663786e-15
(G-U)/stems;tRNA;snoRNA;0.24472203406102824;2.55351295663786e-15
Freq;tRNA;snoRNA;0.37550230149290353;2.55351295663786e-15
dG;tRNA;snoRNA;0.3505448377754191;2.55351295663786e-15
G/C;tRNA;snoRNA;0.37258583261772815;2.55351295663786e-15
PosEntropy;tRNA;snoRNA;0.22575218548486028;2.55351295663786e-15
EAFE;tRNA;snoRNA;0.39570530223428824;2.55351295663786e-15
dH/L;tRNA;snoRNA;0.23049811453594116;2.55351295663786e-15
zQ;tRNA;snoRNA;0.24311978963874828;2.55351295663786e-15
G+C;tRNA;snoRNA;0.46467008379247626;2.55351295663786e-15
dS;tRNA;snoRNA;0.601039005371039;2.55351295663786e-15
CE_dist;tRNA;snoRNA;0.340524943062719;2.55351295663786e-15
dH;tRNA;snoRNA;0.5793991050046137;2.55351295663786e-15
snoRNA;tRNA;snoRNA;0.7565495207667732;2.55351295663786e-15
AU;tRNA;snoRNA;0.42828462773418957;2.55351295663786e-15
zSP;tRNA;snoRNA;0.20780534117032115;2.55351295663786e-15
AC;tRNA;snoRNA;0.4606559388117576;2.55351295663786e-15
Div/ty;tRNA;snoRNA;0.33615984041560215;2.55351295663786e-15
zG;tRNA;snoRNA;0.5414242054115752;2.55351295663786e-15
AG;tRNA;snoRNA;0.33031410177772325;2.55351295663786e-15
dF;tRNA;snoRNA;0.5442329334833882;2.55351295663786e-15
A+U;tRNA;snoRNA;0.46467008379247626;2.55351295663786e-15
dS/L;tRNA;snoRNA;0.2346157333575128;2.55351295663786e-15
CA;tRNA;snoRNA;0.2453247425154811;2.55351295663786e-15
zD;tRNA;snoRNA;0.2544773770981455;2.55351295663786e-15
CE/L;tRNA;snoRNA;0.2829977545109794;2.55351295663786e-15
tRNA;tRNA;snoRNA;0.8895688767754565;2.55351295663786e-15
Diff;tRNA;snoRNA;0.22139881698464428;2.55351295663786e-15
MFEI5;tRNA;snoRNA;0.210839151514505;2.55351295663786e-15
CC;tRNA;snoRNA;0.21130105020614762;2.55351295663786e-15
dH/L;tRNA;hairpin;0.30645788958609177;2.220446049250313e-15
GG;tRNA;hairpin;0.38140310479151074;2.220446049250313e-15
G+C;tRNA;hairpin;0.3369639053595072;2.220446049250313e-15
GC;tRNA;hairpin;0.23912459463089825;2.220446049250313e-15
(A-U)/stems;tRNA;hairpin;0.4370018997179207;2.220446049250313e-15
dS;tRNA;hairpin;0.27190758543933374;2.220446049250313e-15
PosEntropy;tRNA;hairpin;0.36903766814422506;2.220446049250313e-15
UU;tRNA;hairpin;0.1871141557768695;2.220446049250313e-15
EAFE;tRNA;hairpin;0.3159046687007081;2.220446049250313e-15
UG;tRNA;hairpin;0.427763130121083;2.220446049250313e-15
AU.1;tRNA;hairpin;0.18666666666666668;2.220446049250313e-15
pre-miRNA;tRNA;hairpin;0.5765405944773857;2.220446049250313e-15
UC;tRNA;hairpin;0.29487728589795253;2.220446049250313e-15
dF;tRNA;hairpin;0.36627520964058874;2.220446049250313e-15
tRNA;tRNA;hairpin;0.8901064993379771;2.220446049250313e-15
Diff;tRNA;hairpin;0.39635139024811467;2.220446049250313e-15
Div/ty;tRNA;hairpin;0.2693285744439967;2.220446049250313e-15
(G-C)/stems;tRNA;hairpin;0.28123539232053424;2.220446049250313e-15
zSP;tRNA;hairpin;0.40237752576132635;2.220446049250313e-15
Freq;tRNA;hairpin;0.3292721585784737;2.220446049250313e-15
GU;tRNA;hairpin;0.35427206263312416;2.220446049250313e-15
zP;tRNA;hairpin;0.3033534818567344;2.220446049250313e-15
dH;tRNA;hairpin;0.2571300827048913;2.220446049250313e-15
BP/GC;tRNA;hairpin;0.2269621783432157;2.220446049250313e-15
dQ;tRNA;hairpin;0.396179839963157;2.220446049250313e-15
CC;tRNA;hairpin;0.2468954003799436;2.220446049250313e-15
BP/AU;tRNA;hairpin;0.5158359718304454;2.220446049250313e-15
dP;tRNA;hairpin;0.4246606412987162;2.220446049250313e-15
Tm;tRNA;hairpin;0.4501955366223399;2.220446049250313e-15
MFEI3;tRNA;hairpin;0.21903594112793354;2.220446049250313e-15
CU;tRNA;hairpin;0.30698328632011207;2.220446049250313e-15
AA;tRNA;hairpin;0.2663085986222248;2.220446049250313e-15
CE_dist;tRNA;hairpin;0.29720683898451444;2.220446049250313e-15
BP/GU;tRNA;hairpin;0.19309769155489034;2.220446049250313e-15
|G-C|/L;tRNA;hairpin;0.3800944102239364;2.220446049250313e-15
AU;tRNA;hairpin;0.5090645328420932;2.220446049250313e-15
dG;tRNA;hairpin;0.3719521040815152;2.220446049250313e-15
G/C;tRNA;hairpin;0.22751367221230787;2.220446049250313e-15
Tm/L;tRNA;hairpin;0.4571792067238501;2.220446049250313e-15
CG;tRNA;hairpin;0.37922552913860264;2.220446049250313e-15
CE/L;tRNA;hairpin;0.38164527085372174;2.220446049250313e-15
MFEI4;tRNA;hairpin;0.18277704219676472;2.220446049250313e-15
MFEI5;tRNA;hairpin;0.5204643754917199;2.220446049250313e-15
|A-U|/L;tRNA;hairpin;0.5448840020724196;2.220446049250313e-15
Len;tRNA;hairpin;0.45849634448218296;2.220446049250313e-15
AG;tRNA;hairpin;0.18917084028937117;2.220446049250313e-15
A+U;tRNA;hairpin;0.49826530808051733;2.220446049250313e-15
GA;tRNA;hairpin;0.20303571085909466;2.220446049250313e-15
dS/L;tRNA;hairpin;0.34644023564177845;2.220446049250313e-15
MFEI2;tRNA;hairpin;0.29107516358682095;2.220446049250313e-15
dD;tRNA;hairpin;0.3806459040930286;2.220446049250313e-15
Avg_BP_stems;tRNA;hairpin;0.3908702243202272;2.220446049250313e-15
AC;tRNA;hairpin;0.26445455068792817;2.220446049250313e-15
zG;tRNA;hairpin;0.3068055955327845;2.220446049250313e-15
dS;snoRNA;hairpin;0.4561382248173038;1.9984014443252818e-15
Tm/L;snoRNA;hairpin;0.39806764349454665;1.9984014443252818e-15
Div/ty;snoRNA;hairpin;0.512726671807866;1.9984014443252818e-15
MFEI2;snoRNA;hairpin;0.5882986302375969;1.9984014443252818e-15
|A-U|/L;snoRNA;hairpin;0.5523102346590283;1.9984014443252818e-15
MFEI4;snoRNA;hairpin;0.3838867467224854;1.9984014443252818e-15
(G-U)/stems;snoRNA;hairpin;0.1470184715948735;1.9984014443252818e-15
MFEI5;snoRNA;hairpin;0.4461136205060409;1.9984014443252818e-15
UC;snoRNA;hairpin;0.1437574822812236;1.9984014443252818e-15
Avg_BP_stems;snoRNA;hairpin;0.316266754801513;1.9984014443252818e-15
dQ;snoRNA;hairpin;0.41804046858359956;1.9984014443252818e-15
Freq;snoRNA;hairpin;0.49364474312364587;1.9984014443252818e-15
UG;snoRNA;hairpin;0.22163857368440382;1.9984014443252818e-15
dP;snoRNA;hairpin;0.4813220226947229;1.9984014443252818e-15
Diff;snoRNA;hairpin;0.38729536190371266;1.9984014443252818e-15
dD;snoRNA;hairpin;0.3968087841063494;1.9984014443252818e-15
dS/L;snoRNA;hairpin;0.2472990341889758;1.9984014443252818e-15
(A-U)/stems;snoRNA;hairpin;0.5334758180015423;1.9984014443252818e-15
MFEI1;snoRNA;hairpin;0.39678381256656015;1.9984014443252818e-15
|G-C|/L;snoRNA;hairpin;0.5763438727920385;1.9984014443252818e-15
dG;snoRNA;hairpin;0.4771554478351878;1.9984014443252818e-15
PosEntropy;snoRNA;hairpin;0.45303881605523116;1.9984014443252818e-15
UU;snoRNA;hairpin;0.15128640152767067;1.9984014443252818e-15
MFEI3;snoRNA;hairpin;0.5493738753626382;1.9984014443252818e-15
dH;snoRNA;hairpin;0.4167265249164555;1.9984014443252818e-15
EAFE;snoRNA;hairpin;0.47152583452682606;1.9984014443252818e-15
(G-C)/stems;snoRNA;hairpin;0.5957496970364657;1.9984014443252818e-15
|G-U|/L;snoRNA;hairpin;0.14719400683045059;1.9984014443252818e-15
dH/L;snoRNA;hairpin;0.22654474679593112;1.9984014443252818e-15
Tm;snoRNA;hairpin;0.43137159854577506;1.9984014443252818e-15
GU;snoRNA;hairpin;0.1266314127281407;1.9984014443252818e-15
G+C;snoRNA;hairpin;0.1536491498659616;1.9984014443252818e-15
zSP;snoRNA;hairpin;0.2675223091329734;1.9984014443252818e-15
zQ;snoRNA;hairpin;0.12117880356946127;1.9984014443252818e-15
CE_dist;snoRNA;hairpin;0.4848474165473174;1.9984014443252818e-15
AG;snoRNA;hairpin;0.18177151041092873;1.9984014443252818e-15
BP/GC;snoRNA;hairpin;0.5184392787631743;1.9984014443252818e-15
GG;snoRNA;hairpin;0.24057507987220447;1.9984014443252818e-15
CG;snoRNA;hairpin;0.1712996217546179;1.9984014443252818e-15
BP/GU;snoRNA;hairpin;0.24043259520399546;1.9984014443252818e-15
CA;snoRNA;hairpin;0.23351107194006832;1.9984014443252818e-15
zD;snoRNA;hairpin;0.1378810914031802;1.9984014443252818e-15
GC;snoRNA;hairpin;0.1272285263119239;1.9984014443252818e-15
AC;snoRNA;hairpin;0.24539238368036428;1.9984014443252818e-15
zG;snoRNA;hairpin;0.5720326098931365;1.9984014443252818e-15
AA;snoRNA;hairpin;0.2364393522088796;1.9984014443252818e-15
GA;snoRNA;hairpin;0.1671168888399251;1.9984014443252818e-15
zP;snoRNA;hairpin;0.29521501230215563;1.9984014443252818e-15
CU;snoRNA;hairpin;0.130920641915464;1.9984014443252818e-15
BP/AU;snoRNA;hairpin;0.5157673240057288;1.9984014443252818e-15
snoRNA;snoRNA;hairpin;0.6376989460541295;1.9984014443252818e-15
A+U;snoRNA;hairpin;0.2923888215636591;1.9984014443252818e-15
CC;snoRNA;hairpin;0.13440564063016416;1.9984014443252818e-15
AU.1;snoRNA;hairpin;0.18666666666666668;1.9984014443252818e-15
CE/L;snoRNA;hairpin;0.47677499908192866;1.9984014443252818e-15
G/C;snoRNA;hairpin;0.1692637068047446;1.9984014443252818e-15
UA;snoRNA;hairpin;0.12887077228159083;1.9984014443252818e-15
AU;snoRNA;hairpin;0.35806470566633614;1.9984014443252818e-15
pre-miRNA;snoRNA;hairpin;0.5717167933605083;1.9984014443252818e-15
Len;snoRNA;hairpin;0.5164746061474055;1.9984014443252818e-15
dF;snoRNA;hairpin;0.27302926811354705;1.9984014443252818e-15
rRNA;rRNA;snoRNA;0.8515868798299474;1.1102230246251565e-15
dS;rRNA;snoRNA;0.39730195214710573;1.1102230246251565e-15
MFEI1;rRNA;snoRNA;0.3927727659792428;1.1102230246251565e-15
GG;rRNA;snoRNA;0.5593141554674845;1.1102230246251565e-15
G+C;rRNA;snoRNA;0.4786864463751785;1.1102230246251565e-15
MFEI4;rRNA;snoRNA;0.344504984409714;1.1102230246251565e-15
AG;rRNA;snoRNA;0.2951231536555539;1.1102230246251565e-15
UA;rRNA;snoRNA;0.22794982937120248;1.1102230246251565e-15
dG;rRNA;snoRNA;0.3388066868561404;1.1102230246251565e-15
GC;rRNA;snoRNA;0.3138596682182256;1.1102230246251565e-15
CU;rRNA;snoRNA;0.2721238003162875;1.1102230246251565e-15
A+U;rRNA;snoRNA;0.4786864463751785;1.1102230246251565e-15
CC;rRNA;snoRNA;0.3174912124568626;1.1102230246251565e-15
dF;rRNA;snoRNA;0.2298680427948549;1.1102230246251565e-15
|G-C|/L;rRNA;snoRNA;0.24749691075441618;1.1102230246251565e-15
UG;rRNA;snoRNA;0.4019540678801693;1.1102230246251565e-15
Len;rRNA;snoRNA;0.4414195803748071;1.1102230246251565e-15
UU;rRNA;snoRNA;0.5436291112576591;1.1102230246251565e-15
snoRNA;rRNA;snoRNA;0.7465294806866128;1.1102230246251565e-15
dH/L;rRNA;snoRNA;0.2925723651776396;1.1102230246251565e-15
GU;rRNA;snoRNA;0.2590241185245891;1.1102230246251565e-15
dH;rRNA;snoRNA;0.3983763053263076;1.1102230246251565e-15
dS/L;rRNA;snoRNA;0.2997752693886175;1.1102230246251565e-15
BP/GC;rRNA;snoRNA;0.260069019828795;1.1102230246251565e-15
CG;rRNA;snoRNA;0.2301612810285107;1.1102230246251565e-15
AU;rRNA;snoRNA;0.32228034343447276;1.1102230246251565e-15
EAFE;rRNA;snoRNA;0.3432513589479278;1.1102230246251565e-15
Div/ty;mature;trf;0.03568856683075371;8.256075137044155e-16
AU;rRNA;tRNA;0.2559476214532571;3.3733027426364587e-16
A+U;tRNA;trf;0.1793540687305124;5.425478725217256e-17
G+C;tRNA;trf;0.1793540687305124;5.425478725217256e-17
GG;tRNA;trf;0.1833272630633037;9.722944218854478e-18
EAFE;rRNA;tRNA;0.2710496117443568;3.8303840442675955e-18
BP/GC;rRNA;tRNA;0.2733714507479065;1.8779586458363675e-18
tRNA;rRNA;trf;0.20605286769273246;9.265729165921937e-19
zQ;rRNA;tRNA;0.2773627388332592;5.431779413967247e-19
A+U;rRNA;tRNA;0.2837528144770342;7.160547290646444e-20
G+C;rRNA;tRNA;0.2837528144770342;7.160547290646444e-20
zD;rRNA;tRNA;0.2873727421453926;2.2225882597806836e-20
zSP;rRNA;tRNA;0.29038711814279644;8.288220788338037e-21
UA;rRNA;tRNA;0.29375947219982534;2.7130551382859864e-21
|G-C|/L;tRNA;trf;0.20442639635318302;5.491901519876894e-22
Mature;snoRNA;trf;0.13130650838567193;8.735165970146218e-23
(A-U)/stems;rRNA;tRNA;0.3083562785002392;1.8364261320112822e-23
GC;tRNA;trf;0.21163294565412644;1.509873035695653e-23
|G-C|/L;rRNA;tRNA;0.3134415743005209;3.0281519476016137e-24
G/C;rRNA;tRNA;0.3163890385110789;1.0496324194524293e-24
CG;rRNA;tRNA;0.3195004365994092;3.3897531764156165e-25
zD;mature;trf;0.04547765218512689;2.084317902398981e-25
PosEntropy;rRNA;tRNA;0.3244050705752072;5.567225615276175e-26
GC;rRNA;trf;0.24836082545379254;3.6362817034889304e-27
UG;tRNA;trf;0.23200358892953274;2.8956857100359652e-28
UU;tRNA;trf;0.2359200365114932;3.18259903043607e-29
dF;mature;trf;0.048998000860641766;1.9979369605318625e-29
Diff;rRNA;tRNA;0.34585698943797444;1.4391529892468894e-29
UU;rRNA;trf;0.26026288203434267;7.909778003111688e-30
GU;tRNA;trf;0.23867504805614437;6.577813031240234e-30
UC;rRNA;tRNA;0.3478275415605836;6.541631479702496e-30
(G-U)/stems;rRNA;tRNA;0.3488312183632708;4.36956494563917e-30
A+U;mature;tRNA;0.2396476330289461;4.216070520154884e-30
G+C;mature;tRNA;0.2396476330289461;4.216070520154884e-30
GA;tRNA;trf;0.2456691283042308;1.1020497561970914e-31
GG;rRNA;trf;0.26905837349348427;7.004238988015657e-32
UU;rRNA;tRNA;0.3608820311742015;3.102999031850723e-32
G/C;mature;trf;0.05155591607705601;1.5580462023897458e-32
UC;tRNA;trf;0.25012936530861996;7.610122716189802e-33
AU;rRNA;trf;0.2734012437878725;6.380792341955418e-33
trfs;mature;hairpin;0.10052643592029387;2.3524298119807416e-33
A+U;mature;rRNA;0.27615973798477433;1.5926580720751107e-33
G+C;mature;rRNA;0.27615973798477433;1.5926580720751107e-33
AU;tRNA;trf;0.2527174204229079;1.576492811400714e-33
CA;rRNA;trf;0.27748636896956314;6.454144833338417e-34
GA;rRNA;tRNA;0.37088868889699267;4.411544105321574e-34
PosEntropy;mature;tRNA;0.256590258148494;1.6546025451932946e-34
PosEntropy;tRNA;trf;0.25659503824846225;1.4432752947315952e-34
GC;mature;rRNA;0.28120219457273476;9.139646002126549e-35
MFEI1;rRNA;tRNA;0.3802362655193526;7.358295931962853e-36
A+U;rRNA;trf;0.28560738012708414;6.089952600419679e-36
G+C;rRNA;trf;0.2856073801270842;6.089952600419483e-36
GC;mature;tRNA;0.26364322703444165;1.951082916875799e-36
|G-C|/L;rRNA;trf;0.2887680253875132;9.536239622566323e-37
AG;rRNA;trf;0.2901106236214578;4.309485052617597e-37
UG;rRNA;tRNA;0.3878709003984597;2.3815576374739664e-37
CU;tRNA;trf;0.26796190213265236;1.043617232199292e-37
CA;tRNA;trf;0.27247802172415414;5.3742881194650666e-39
dQ;mature;tRNA;0.2758929425900917;6.42955303599007e-40
Avg_BP_stems;mature;trf;0.057614183144997;1.5820776380848362e-40
UU;mature;tRNA;0.28024614522393076;3.387656999715864e-41
CG;mature;tRNA;0.28043904822011956;2.970005496124205e-41
AU;mature;tRNA;0.2807375349574131;2.4224534181550887e-41
dQ;tRNA;trf;0.2811128032076835;1.595677288711335e-41
|G-C|/L;mature;rRNA;0.31090295991007866;1.431720137582039e-42
dD;hairpin;trf;0.1139479890808961;3.1155901378172802e-43
BP/AU;tRNA;trf;0.2919327090691447;8.241132942773103e-45
CA;mature;rRNA;0.31927669501610945;6.318673460786502e-45
dD;tRNA;trf;0.29342339148310204;2.8353802435262576e-45
UC;mature;rRNA;0.32136900252359346;1.589919682155405e-45
snoRNA;mature;hairpin;0.11885057471264371;1.7266535016589766e-46
G/C;rRNA;trf;0.32514466437187994;1.0350196699267375e-46
snoRNA;hairpin;trf;0.11878155683701397;5.949822618289153e-47
G/C;mature;rRNA;0.32652806549779967;5.073523864673591e-47
UG;mature;rRNA;0.32657792167324534;4.905953812336315e-47
AG;tRNA;trf;0.2990318140144541;4.856145909193727e-47
dD;mature;tRNA;0.3019965209907107;6.588623852256443e-48
CA;mature;tRNA;0.3036093001261626;1.9928480754678497e-48
AU;mature;rRNA;0.3317232441653633;1.4862567628853004e-48
|G-C|/L;mature;tRNA;0.30589461266466966;3.617650699257487e-49
AC;mature;rRNA;0.33499437991757214;1.5592239221705546e-49
G/C;tRNA;trf;0.3077410864104955;7.43293559296267e-50
PosEntropy;hairpin;trf;0.12267178509578808;4.652483703598429e-50
dD;mature;hairpin;0.12427798090463948;8.332057748846561e-51
GA;mature;tRNA;0.31165749585139724;4.5997165904687016e-51
CC;rRNA;trf;0.33994505679175313;3.8678119402725625e-51
AG;snoRNA;trf;0.20166580045190174;2.0325587854400455e-53
tRNA;snoRNA;trf;0.20413593478538417;9.774715123281793e-55
CG;mature;rRNA;0.35283425599794566;4.6058309491810606e-55
CU;mature;tRNA;0.3240952355336826;2.7462648371978462e-55
Div/ty;rRNA;tRNA;0.47036309681131877;1.0096329126487461e-55
(G-C)/stems;rRNA;tRNA;0.47037982475803025;9.999911964184685e-56
Mature;hairpin;trf;0.13130650838567193;2.5649987881804784e-57
CC;tRNA;trf;0.33360181939877015;9.720294263713959e-59
CE_dist;mature;trf;0.069662133837737;4.550642818803421e-59
CE_dist;rRNA;tRNA;0.4853513370647806;1.564927303973226e-59
UC;rRNA;trf;0.3681111273551312;3.538067190997343e-60
UU;mature;rRNA;0.36876893539795974;2.817649885757115e-60
UA;rRNA;trf;0.37168830033591926;2.1994240901629385e-61
UA;mature;rRNA;0.3732870762131232;8.392006271177835e-62
G/C;mature;tRNA;0.34535935063497236;6.192960830969724e-63
GU;mature;rRNA;0.3782172062371276;1.7153526239568009e-63
dD;rRNA;trf;0.37947528710537237;4.6742397599546733e-64
MFEI3;mature;tRNA;0.3505170663482475;7.163781989090088e-65
CU;rRNA;tRNA;0.5057728144101225;5.679527073180396e-65
|A-U|/L;mature;trf;0.07323938799736984;2.980716121038457e-65
AA;mature;tRNA;0.35328926504834146;6.321201469214892e-66
AA;mature;rRNA;0.3883476957662046;4.812307395400862e-67
GU;rRNA;tRNA;0.5147958688662801;1.8041925931751217e-67
dQ;rRNA;trf;0.39119414894389515;3.3639842916601093e-68
Freq;rRNA;tRNA;0.5234207981907053;6.5015823661014e-70
dD;mature;rRNA;0.3964450444538384;5.817095205175623e-70
AC;rRNA;tRNA;0.5261876005767796;1.041337821678668e-70
GA;rRNA;trf;0.398621661848094;6.684442126267642e-71
AC;tRNA;trf;0.36762964846626495;1.1888302817475104e-71
UA;mature;tRNA;0.3679360067453499;1.1852723849981717e-71
UA;tRNA;trf;0.3693530789750004;2.417117439386794e-72
MFEI3;tRNA;trf;0.3714141094429935;3.557102174664857e-73
UG;rRNA;trf;0.40492898281897494;3.047380223350912e-73
GC;snoRNA;trf;0.23749820564548582;3.523899095362771e-74
CG;rRNA;trf;0.40768153741398183;2.809696074892175e-74
dQ;mature;rRNA;0.4082481936521976;2.4275724900497504e-74
BP/GU;tRNA;trf;0.3765486245912649;2.849607237025353e-75
dS/L;mature;trf;0.0790298351941568;6.388520553980954e-76
GU;rRNA;trf;0.4127905891152862;3.199422005885124e-76
BP/AU;rRNA;trf;0.42009479653627085;4.746235155735602e-79
PosEntropy;mature;hairpin;0.15522219781828833;3.6832547583290803e-79
BP/GU;rRNA;trf;0.42060669063988976;2.991466457589164e-79
Freq;mature;trf;0.08097319393808422;1.1013280291620854e-79
UC;mature;tRNA;0.38763844574227935;8.891379602191934e-80
|A-U|/L;rRNA;trf;0.42359437627411634;1.995378704219935e-80
dQ;hairpin;trf;0.15586812984562998;1.0351672986703686e-80
AC;rRNA;trf;0.4243909172475671;9.657068895906417e-81
GA;snoRNA;trf;0.24805421409256823;5.646631636964722e-81
MFEI2;rRNA;tRNA;0.5615203696207105;2.210410401787359e-81
AA;rRNA;trf;0.42904962385257783;1.340235901170797e-82
AA;tRNA;trf;0.39399119313471476;1.215090122998059e-82
AG;mature;rRNA;0.4333298293852599;3.7113741147863965e-84
|A-U|/L;tRNA;trf;0.4019015749787041;4.109756939151963e-86
Tm;rRNA;trf;0.4404518195062221;2.9975727698218907e-87
Tm;tRNA;trf;0.41041364521424406;6.140667654453121e-90
|A-U|/L;mature;rRNA;0.4476468861289458;4.449168140701367e-90
AC;mature;tRNA;0.4170243149097629;8.110411507284033e-93
dH/L;mature;trf;0.08787078457291964;8.739747488702755e-94
zG;rRNA;trf;0.463178963351508;5.739574548842681e-97
|A-U|/L;mature;tRNA;0.4259540848335336;5.272796986486734e-97
zSP;mature;trf;0.08944610400815428;3.6180358952483166e-97
(G-C)/stems;mature;trf;0.08972024900946163;9.195134118872625e-98
GA;mature;rRNA;0.4706067811907066;4.50278253514554e-100
GU;mature;tRNA;0.4327272067658662;2.9851662194968016e-100
GG;mature;tRNA;0.4333757211188124;1.4481545461667087e-100
CU;rRNA;trf;0.47241781513195485;4.300807327501492e-101
AG;mature;tRNA;0.43750781088250623;1.3986840536756532e-102
AG;mature;snoRNA;0.2802387367922078;3.7723923613778074e-103
GU;snoRNA;trf;0.27993017507828466;2.0976136316679554e-103
CC;mature;rRNA;0.4783419217603435;1.394065732170229e-103
CC;mature;tRNA;0.43961079130885683;1.291860571268945e-103
GG;mature;snoRNA;0.28357571310406904;1.1734399644381751e-105
CU;mature;rRNA;0.48302569920658095;9.635771054424336e-106
G/C;snoRNA;trf;0.28464683023829684;5.701741966740264e-107
GU;mature;snoRNA;0.286158437246004;1.279431417786705e-107
G+C;mature;snoRNA;0.2867634190690175;4.41116703183346e-108
A+U;mature;snoRNA;0.2867634190690175;4.41116703183346e-108
AG;hairpin;trf;0.18114369759698795;4.607665790646002e-109
GC;mature;snoRNA;0.2888686456858236;1.064230398435146e-109
GA;mature;snoRNA;0.28989007621526053;1.7283212472705395e-110
BP/AU;mature;tRNA;0.4555758285790418;1.1443814628999721e-111
G/C;mature;snoRNA;0.29191905166046794;4.577034122202473e-112
MFEI2;mature;tRNA;0.4565318368130723;3.673567584268609e-112
dQ;mature;hairpin;0.18490450166449185;2.1286385315653595e-112
zG;rRNA;tRNA;0.6503524578372103;6.143563178983931e-113
AU.1;mature;hairpin;0.18666666666666668;1.4693002215620281e-114
zP;mature;trf;0.09721272253125401;9.865030184421018e-115
BP/GU;mature;tRNA;0.46151704070290755;9.351230280405264e-115
UG;mature;tRNA;0.461556759705041;8.913705890131187e-115
AU.1;hairpin;trf;0.18666666666666668;7.690051098880088e-116
BP/GU;mature;rRNA;0.5055751067515323;1.5842251213823468e-116
zQ;tRNA;trf;0.4645979777877662;1.4199288130309637e-116
GG;mature;rRNA;0.506466811479835;5.7555588009089464e-117
PosEntropy;rRNA;trf;0.5073708048300342;1.1876944526235993e-117
dD;snoRNA;trf;0.3015862424661917;2.6169239040294223e-120
BP/GC;mature;trf;0.0998373826104588;5.3113611894109375e-121
zQ;mature;tRNA;0.4770365996530998;4.6492893876709075e-123
UC;mature;snoRNA;0.30719095232566074;2.5481572892339226e-124
MFEI3;mature;hairpin;0.19597981076902538;2.4791187446338567e-126
MFEI3;rRNA;tRNA;0.6857722122040408;9.593710765115906e-128
CC;snoRNA;trf;0.31127813829021334;2.560474459693878e-128
BP/GU;mature;trf;0.10350923444436255;4.702873443805815e-130
PosEntropy;mature;rRNA;0.5353405950154336;9.030035194776867e-132
G/C;hairpin;trf;0.19920239135039425;5.2698340164844443e-132
BP/AU;snoRNA;trf;0.316110470055834;2.0466916766588352e-132
dQ;snoRNA;trf;0.31958694234714136;2.0914155289681333e-135
MFEI2;tRNA;trf;0.5015680538721966;3.875792969398216e-137
UU;snoRNA;trf;0.32170707005446675;3.012368381764891e-137
CA;snoRNA;trf;0.3233869386867684;1.0238442778185706e-138
zG;tRNA;trf;0.5050331199386651;3.597035719216867e-139
tRNA;hairpin;trf;0.20467355734790482;2.1172418406043363e-139
|G-C|/L;mature;snoRNA;0.3274570054716501;1.216794847327819e-141
GC;hairpin;trf;0.2067516300514937;2.8976561748968502e-142
CU;snoRNA;trf;0.32794436762316326;9.618979458018205e-143
dD;mature;snoRNA;0.3296020933759638;1.5145555342382895e-143
Tm;mature;rRNA;0.5572606434299847;9.023115923552991e-144
G+C;mature;hairpin;0.20903803999087;7.698485676980195e-144
|G-U|/L;mature;trf;0.1097696057119183;2.993722075906754e-146
AC;mature;snoRNA;0.33371642464600665;3.075376512192103e-147
Tm;mature;tRNA;0.5205229022268286;3.120765356945974e-148
|G-U|/L;rRNA;trf;0.5656285308556238;7.77699992524505e-149
BP/AU;mature;rRNA;0.5698078810299505;5.9649571690712145e-151
CE/L;rRNA;trf;0.5702513453990595;1.6221168891706878e-151
dQ;mature;snoRNA;0.3386993249915909;8.864790299601591e-152
zP;rRNA;trf;0.5722930435375548;1.0373931266887165e-152
GA;hairpin;trf;0.21440476048813883;4.5270288702144546e-153
MFEI3;mature;rRNA;0.5761694989829791;1.1116714374775533e-154
MFEI2;mature;hairpin;0.2169828985844283;4.5632644958887295e-155
dF;rRNA;tRNA;0.7435137386626341;2.365840013724306e-155
MFEI3;hairpin;trf;0.21687685386377142;1.1959539667528714e-156
zP;tRNA;trf;0.53899066369041;4.337061962221697e-160
MFEI1;tRNA;trf;0.5391950672152301;3.203510273108876e-160
(G-U)/stems;mature;trf;0.11497234591552397;1.9270296726515663e-160
|G-U|/L;tRNA;trf;0.5399210223494629;1.0909021161269658e-160
UC;snoRNA;trf;0.35048236438924585;1.3886884771229545e-163
MFEI2;hairpin;trf;0.22197673542275032;3.6371051684657355e-164
UG;mature;snoRNA;0.3533061526435934;1.59728198919417e-165
Avg_BP_stems;tRNA;trf;0.5481611690683312;4.6306301089198064e-166
zP;mature;rRNA;0.596061362139791;9.597043094332879e-167
UU;mature;trf;0.11804262253342879;3.965204786483972e-169
GA;mature;hairpin;0.2272219566500002;3.503578374103137e-170
zG;mature;rRNA;0.6032596478081679;2.895787823190172e-171
GC;mature;trf;0.11883418955753078;2.0947696251152675e-171
UA;mature;snoRNA;0.3622257441671445;3.0765008336482663e-174
Avg_BP_stems;rRNA;trf;0.608187733047709;9.188308360495351e-175
zP;mature;tRNA;0.5619643955111898;5.072803614290579e-175
UA;snoRNA;trf;0.363642816396795;1.783361870620362e-176
CE/L;tRNA;trf;0.5677842531165489;2.537687042385379e-179
UU;mature;snoRNA;0.36830105925685636;2.5722550710698667e-180
CA;mature;snoRNA;0.3688281140583459;7.544117627238004e-181
UU;hairpin;trf;0.232881099653086;7.480990945182948e-181
CU;mature;snoRNA;0.3697793982980546;8.20200292359076e-182
|G-U|/L;mature;rRNA;0.6239242816843878;1.012636097944199e-184
zD;tRNA;trf;0.5765123642816479;1.9394236509177638e-185
GC;mature;hairpin;0.23774636847930475;1.762476158672646e-186
AA;mature;snoRNA;0.3749291654147669;4.442265645432673e-187
Tm;snoRNA;trf;0.3761077093408087;3.4773365562201125e-189
AA;mature;trf;0.12670402717106277;6.961671002963845e-195
CA;mature;hairpin;0.24328014711265566;2.3148830286852225e-195
MFEI2;mature;rRNA;0.642122911991086;3.4376157643561825e-197
G/C;mature;hairpin;0.24554557865316126;4.63764504915736e-199
|G-U|/L;mature;tRNA;0.598216773178227;6.4521155480334504e-201
MFEI3;rRNA;trf;0.6469501222058999;5.2279282921808085e-201
MFEI4;tRNA;trf;0.5991957401107121;5.408877329121783e-202
GA;mature;trf;0.1299015407898102;7.3670140319961e-205
zQ;rRNA;trf;0.6538394616550376;5.823301391675183e-206
Avg_BP_stems;mature;tRNA;0.6049578071608044;5.270295468576741e-206
MFEI2;rRNA;trf;0.6571558466508557;2.2279082174464004e-208
zQ;mature;rRNA;0.6613592114915481;4.813023510899333e-211
zD;mature;tRNA;0.6119329017827264;2.306010611315231e-211
Tm;mature;trf;0.13224766241058156;2.4403478418978404e-212
|G-C|/L;snoRNA;trf;0.3985875370474946;2.320615930576156e-213
Avg_BP_stems;mature;rRNA;0.6649843711401822;9.773102384987172e-214
AU;snoRNA;trf;0.3997732773810781;1.1090083968757103e-214
UC;mature;hairpin;0.2581027807564932;3.221333651994465e-220
(G-U)/stems;rRNA;trf;0.6736315477251694;1.0244741547494854e-220
Tm/L;mature;trf;0.13507800299970463;1.5233824865046985e-221
GU;mature;hairpin;0.25915746135924167;4.7853926279023185e-222
|G-C|/L;hairpin;trf;0.2610203697930178;8.070705939108784e-228
AU;mature;snoRNA;0.41269157059457956;2.724470457711299e-228
zG;mature;tRNA;0.6333408184366225;1.961870445286708e-228
CA;hairpin;trf;0.2630036103488735;2.411261070135965e-231
rRNA;rRNA;tRNA;0.8603885567462136;1.618638512152212e-232
BP/GU;snoRNA;trf;0.4155806641460074;9.901647344772787e-233
AA;snoRNA;trf;0.41563109350114014;8.645627805908615e-233
PosEntropy;snoRNA;trf;0.41603995275031824;2.8764568025248982e-233
CC;mature;snoRNA;0.4172871102003;1.263451156487887e-233
CG;mature;snoRNA;0.4181607068256171;1.2013385193670986e-234
MFEI1;rRNA;trf;0.6935357359760587;2.1624127529911343e-236
MFEI4;rRNA;trf;0.6948250147890508;1.944655649777752e-237
GG;snoRNA;trf;0.42100608658281474;4.062815006661397e-239
(G-U)/stems;tRNA;trf;0.646377811686282;1.018799388767006e-239
A+U;mature;hairpin;0.2700420752531191;2.230371001453933e-241
AC;snoRNA;trf;0.4231129619760016;1.2642641428466371e-241
BP/GC;rRNA;trf;0.7017211315446131;4.2382758925138946e-243
BP/GC;mature;rRNA;0.7032205287307474;7.546783936272544e-244
Tm/L;tRNA;trf;0.6524638863101604;6.173502116702807e-245
GG;hairpin;trf;0.27069667595631397;2.7552496248936044e-245
UU;mature;hairpin;0.2733438413801717;2.07059590254002e-247
AG;mature;trf;0.14321920576380204;3.9908969723754116e-249
trfs;rRNA;trf;0.7092276899717027;2.158414048948468e-249
zG;mature;trf;0.143707295835931;7.8570203732651e-251
PosEntropy;mature;snoRNA;0.43454549154473865;2.733575903578998e-254
UA;mature;trf;0.14470865496314167;2.3830139375049427e-254
CC;hairpin;trf;0.2762019383710036;1.579971875527654e-255
|A-U|/L;snoRNA;trf;0.43576312271268036;5.3891200682560954e-257
UG;mature;hairpin;0.2790119852026029;5.983144182951239e-258
AG;mature;hairpin;0.2802257507439611;3.0892567081234177e-260
tRNA;rRNA;tRNA;0.8914858096828047;1.0882353512064004e-262
dH;rRNA;tRNA;0.8941355164418988;1.2614389014777162e-265
CE/L;snoRNA;trf;0.44471621856131033;3.311329904477171e-268
zSP;tRNA;trf;0.6801640781890723;8.390442337005854e-270
CE/L;mature;rRNA;0.7334490637325607;3.878063097575065e-270
dS;rRNA;tRNA;0.8994784226215369;9.089224233668597e-272
Tm/L;rRNA;trf;0.7361909269570959;3.3593342100289827e-273
BP/GC;tRNA;trf;0.6850500598519791;2.1719555220820354e-274
tRNA;tRNA;trf;0.6854329419900722;9.434919223025073e-275
BP/GC;mature;tRNA;0.6865494570381133;2.429520599231756e-275
EAFE;tRNA;trf;0.6879442593661809;3.889850771993581e-277
UA;mature;hairpin;0.2905361257175833;4.2659173877910353e-280
zD;rRNA;trf;0.7438736261950363;2.3429787778367357e-280
BP/AU;hairpin;trf;0.28914172701764235;1.786532596077315e-280
dS;mature;trf;0.15213624288975597;3.1879398203583693e-281
dG;tRNA;trf;0.6942209685063022;3.5864314542566796e-283
Mature;mature;rRNA;0.7486324466092169;2.6691855490380202e-284
UA;hairpin;trf;0.29195319794723384;4.661559702690956e-286
|A-U|/L;mature;snoRNA;0.45981563256750985;2.127078050864974e-286
(G-U)/stems;mature;rRNA;0.7518556033010194;2.1344630858194225e-287
GG;mature;hairpin;0.2942883597541806;1.620641788930523e-287
AC;mature;hairpin;0.29660357531987097;3.79847218111668e-292
CU;mature;trf;0.15518297223244593;1.2108224689652452e-292
CU;hairpin;trf;0.2959705142942367;3.877787419298035e-294
BP/AU;mature;snoRNA;0.4658235545495136;2.300472026271624e-294
zG;snoRNA;trf;0.4663391661890909;1.8930678768235718e-296
trfs;tRNA;trf;0.7092276899717027;4.7385864592688154e-298
MFEI2;mature;trf;0.15684906737041973;5.49510476814161e-299
A+U;snoRNA;trf;0.46943249004367527;1.2574957734251282e-300
G+C;snoRNA;trf;0.4694324900436753;1.2574957734249102e-300
(A-U)/stems;rRNA;trf;0.765597867001862;1.3447087215062557e-301
GU;hairpin;trf;0.2996629865066087;1.1379479388468681e-301
zSP;rRNA;trf;0.7672368686575995;2.8938529326191844e-303
CE/L;mature;tRNA;0.7157827051580284;3.065109474338407e-304
dH;mature;trf;0.15836053298763542;8.426594653054285e-305
UC;hairpin;trf;0.3013941928200783;3.086956179825506e-305
zD;mature;rRNA;0.7701965940123034;1.1201353104997961e-305
dF;rRNA;trf;0.772238520798931;2.060513615217576e-308
(A-U)/stems;tRNA;trf;0.7243888662990092;9.104377344e-314
MFEI1;mature;tRNA;0.7275190760672058;1.4551749e-316
Tm/L;mature;tRNA;0.7306958456425753;5.6156e-320
BP/AU;mature;hairpin;0.31103310465411727;3.26e-322
Div/ty;mature;tRNA;0.8456756640110188;0.0
CE_dist;tRNA;trf;0.7519336815413823;0.0
Div/ty;rRNA;trf;0.9338705708746501;0.0
zG;hairpin;trf;0.48045123411101404;0.0
dH/L;mature;rRNA;0.9634359014019046;0.0
CE_dist;snoRNA;trf;0.8666567586691855;0.0
Div/ty;mature;hairpin;0.6527928579734112;0.0
dH;rRNA;trf;0.9913628070552036;0.0
AU;mature;hairpin;0.43417966176147593;0.0
AC;mature;trf;0.19645004009579137;0.0
dH;hairpin;trf;0.9060233566010838;0.0
Div/ty;mature;snoRNA;0.935711643685577;0.0
dH;snoRNA;trf;0.9969954732652754;0.0
zG;mature;snoRNA;0.6047428946955758;0.0
AC;hairpin;trf;0.38600011264986595;0.0
zG;mature;hairpin;0.616641645456777;0.0
Div/ty;mature;rRNA;0.9555342231859748;0.0
dH;tRNA;trf;0.9998274553109255;0.0
CE_dist;hairpin;trf;0.48368618920576295;0.0
MFEI4;mature;tRNA;0.7664000385305596;0.0
AU;mature;trf;0.18507102751377302;0.0
CE_dist;rRNA;trf;0.916258564475213;0.0
dH/L;hairpin;trf;0.7084831854208861;0.0
dH/L;snoRNA;trf;0.9125307355563558;0.0
Len;tRNA;trf;1.0;0.0
EAFE;mature;snoRNA;0.8048851025320896;0.0
Len;snoRNA;trf;0.9987220447284345;0.0
Len;hairpin;trf;0.9995402298850574;0.0
dH/L;tRNA;trf;0.9294624636662364;0.0
CE/L;mature;snoRNA;0.6162021170772699;0.0
CE/L;mature;hairpin;0.7225935926753745;0.0
CE/L;mature;trf;0.17366738157531994;0.0
CC;mature;trf;0.2097591353717751;0.0
CC;mature;hairpin;0.3822109102810903;0.0
EAFE;mature;hairpin;0.8040455980327558;0.0
EAFE;mature;trf;0.1885366894139483;0.0
dH/L;rRNA;trf;0.9451798897678025;0.0
EAFE;rRNA;trf;0.7933946435212892;0.0
EAFE;snoRNA;trf;0.6420348851183127;0.0
CA;mature;trf;0.17094835913944195;0.0
EAFE;hairpin;trf;0.6379748410010606;0.0
CE/L;hairpin;trf;0.5998221242750148;0.0
CE_dist;mature;rRNA;0.9571827806981517;0.0
CE_dist;mature;tRNA;0.8196100532234628;0.0
CE_dist;mature;snoRNA;0.9259933899690805;0.0
CE_dist;mature;hairpin;0.5501776462836397;0.0
dH/L;mature;hairpin;0.7413802577916737;0.0
dH/L;mature;snoRNA;0.9394424447298709;0.0
AU;hairpin;trf;0.4672223954280021;0.0
dH/L;mature;tRNA;0.9507753336865301;0.0
zP;mature;hairpin;0.6079607067953472;0.0
zP;mature;snoRNA;0.5477794389972672;0.0
zP;snoRNA;trf;0.5224021660587728;0.0
AA;hairpin;trf;0.3679001985652215;0.0
zSP;mature;tRNA;0.7521025738538879;0.0
zSP;mature;hairpin;0.766910935689892;0.0
Freq;mature;hairpin;0.5804366868645108;0.0
trfs;mature;trf;0.60709205864911;0.0
snoRNA;snoRNA;trf;0.7564805028911434;0.0
snoRNA;mature;snoRNA;0.7565495207667732;0.0
rRNA;rRNA;trf;0.8636929459720047;0.0
Diff;mature;hairpin;0.6462428995318752;0.0
Diff;mature;snoRNA;0.9012177443778228;0.0
rRNA;mature;rRNA;0.8637274549098196;0.0
zSP;snoRNA;trf;0.6881007669804371;0.0
zSP;hairpin;trf;0.6975942907143984;0.0
dF;mature;rRNA;0.8210757971544438;0.0
dF;mature;tRNA;0.8164020088432639;0.0
dF;mature;snoRNA;0.8179679840842139;0.0
dF;mature;hairpin;0.7828499201130046;0.0
Diff;mature;tRNA;0.8371215670428609;0.0
Diff;mature;rRNA;0.9145786514955726;0.0
Freq;hairpin;trf;0.5005680250495224;0.0
Freq;snoRNA;trf;0.8850501989280399;0.0
tRNA;mature;trf;0.19252720264964518;0.0
tRNA;mature;tRNA;0.8779601446397174;0.0
dF;tRNA;trf;0.767564732487751;0.0
pre-miRNA;hairpin;trf;0.583114863991153;0.0
dF;snoRNA;trf;0.7691307077287011;0.0
dF;hairpin;trf;0.7340126437574918;0.0
pre-miRNA;mature;hairpin;0.5805582184554032;0.0
Mature;mature;trf;0.617325938223545;0.0
Mature;mature;hairpin;0.7486324466092169;0.0
Mature;mature;snoRNA;0.7486324466092169;0.0
zSP;mature;snoRNA;0.7653083504010668;0.0
zSP;mature;rRNA;0.8280697776219355;0.0
dH;mature;hairpin;0.952967618850747;0.0
zQ;hairpin;trf;0.5424172281310514;0.0
dH;mature;snoRNA;1.0;0.0
dH;mature;tRNA;1.0;0.0
dH;mature;rRNA;0.9939879759519038;0.0
AA;mature;hairpin;0.33126652110437854;0.0
CG;mature;hairpin;0.35116867568463805;0.0
zP;hairpin;trf;0.6064679110510311;0.0
Diff;hairpin;trf;0.6126230045305872;0.0
zD;mature;snoRNA;0.7541720882406807;0.0
zD;mature;hairpin;0.6731473753569075;0.0
Diff;snoRNA;trf;0.8675978493765348;0.0
A+U;hairpin;trf;0.44803209410547673;0.0
Div/ty;tRNA;trf;0.8148447426180543;0.0
A+U;mature;trf;0.20191957356520723;0.0
Diff;tRNA;trf;0.803501672041573;0.0
Div/ty;snoRNA;trf;0.9120472576199152;0.0
G+C;hairpin;trf;0.3568460417455018;0.0
zD;snoRNA;trf;0.7294400489343353;0.0
zD;hairpin;trf;0.6427615242002851;0.0
Div/ty;hairpin;trf;0.6198367370252343;0.0
Diff;rRNA;trf;0.8809587564942847;0.0
zQ;mature;snoRNA;0.6377199104138511;0.0
zQ;mature;hairpin;0.5538831970301847;0.0
G+C;mature;trf;0.20191957356520718;0.0
Freq;mature;rRNA;0.9669415263648315;0.0
Freq;mature;tRNA;0.8587149432893963;0.0
trfs;hairpin;trf;0.7076184945694037;0.0
trfs;snoRNA;trf;0.7092276899717027;0.0
Freq;mature;snoRNA;0.9461266918602772;0.0
zQ;snoRNA;trf;0.6296644121562308;0.0
Len;rRNA;trf;1.0;0.0
BP/GU;hairpin;trf;0.39727358765230536;0.0
CG;mature;trf;0.29063332524892405;0.0
MFEI1;snoRNA;trf;0.5305331333211468;0.0
(A-U)/stems;mature;snoRNA;0.8517862764649622;0.0
(A-U)/stems;mature;hairpin;0.6519393806281573;0.0
(A-U)/stems;mature;trf;0.1820179420100379;0.0
|A-U|/L;mature;hairpin;0.6095491444985637;0.0
MFEI2;mature;snoRNA;0.6782593186233612;0.0
dG;mature;tRNA;0.8409250837070151;0.0
MFEI1;hairpin;trf;0.5229131414001744;0.0
(A-U)/stems;snoRNA;trf;0.7162037654653515;0.0
(A-U)/stems;hairpin;trf;0.48565845036623106;0.0
(G-C)/stems;mature;rRNA;0.9739075002759359;0.0
(G-C)/stems;mature;tRNA;0.9549053593131052;0.0
(G-C)/stems;mature;snoRNA;0.9732390707651571;0.0
(G-C)/stems;mature;hairpin;0.8713301723061286;0.0
dG;mature;snoRNA;0.8267822364696067;0.0
(A-U)/stems;mature;rRNA;0.8841158525368459;0.0
Tm/L;hairpin;trf;0.6815444931271682;0.0
MFEI1;mature;trf;0.18832400885197567;0.0
(G-C)/stems;rRNA;trf;0.9629740535664468;0.0
MFEI1;mature;hairpin;0.7112371502521501;0.0
MFEI1;mature;snoRNA;0.7188571421731225;0.0
(G-C)/stems;tRNA;trf;0.9336295763374;0.0
(G-C)/stems;snoRNA;trf;0.9603880612746433;0.0
(G-C)/stems;hairpin;trf;0.8404581041662205;0.0
(G-U)/stems;mature;tRNA;0.7385703411017863;0.0
(G-U)/stems;mature;snoRNA;0.7404564536382103;0.0
(G-U)/stems;mature;hairpin;0.7275961120226699;0.0
Tm/L;snoRNA;trf;0.6561835496224193;0.0
MFEI1;mature;rRNA;0.8561307703454868;0.0
(A-U)/stems;mature;tRNA;0.8599713772986199;0.0
Avg_BP_stems;hairpin;trf;0.6934562010181327;0.0
dG;mature;hairpin;0.8294895414787923;0.0
MFEI3;mature;trf;0.16706413963839342;0.0
MFEI4;mature;snoRNA;0.7413484846127051;0.0
MFEI4;mature;hairpin;0.7264030180488624;0.0
MFEI4;mature;trf;0.17788387986793563;0.0
MFEI4;snoRNA;trf;0.5634646047447694;0.0
|G-U|/L;mature;snoRNA;0.6146008424736981;0.0
|G-U|/L;mature;hairpin;0.5639592942382312;0.0
|G-C|/L;mature;trf;0.2509680565153224;0.0
|G-C|/L;mature;hairpin;0.44101204549467493;0.0
MFEI3;snoRNA;trf;0.6315807497017127;0.0
MFEI4;hairpin;trf;0.5525152573137132;0.0
MFEI5;mature;rRNA;0.9548559088953478;0.0
|A-U|/L;hairpin;trf;0.6034206528456387;0.0
MFEI5;mature;tRNA;0.9212187040846772;0.0
|G-U|/L;snoRNA;trf;0.556305091644934;0.0
Avg_BP_stems;snoRNA;trf;0.5768714263128335;0.0
|G-U|/L;hairpin;trf;0.5056635434094672;0.0
MFEI5;mature;snoRNA;0.8891663484546869;0.0
MFEI5;mature;hairpin;0.8974914191461781;0.0
Avg_BP_stems;mature;snoRNA;0.6336680644053067;0.0
Avg_BP_stems;mature;hairpin;0.7502528391106058;0.0
MFEI5;mature;trf;0.17315762676875762;0.0
MFEI3;mature;snoRNA;0.5701696319235047;0.0
MFEI5;rRNA;trf;0.8996280918521424;0.0
MFEI5;tRNA;trf;0.8538905399536878;0.0
MFEI5;snoRNA;trf;0.7601302695864683;0.0
MFEI2;snoRNA;trf;0.6835303723856172;0.0
MFEI5;hairpin;trf;0.8016371674746519;0.0
dG;mature;rRNA;0.9209855454633509;0.0
Freq;rRNA;trf;0.9255859361763074;0.0
dG;mature;trf;0.22337171794336252;0.0
Len;rRNA;tRNA;0.956249728170866;0.0
BP/GU;mature;snoRNA;0.50054908025765;0.0
dS/L;mature;hairpin;0.7120877852568658;0.0
BP/AU;mature;trf;0.175079116491546;0.0
GG;mature;trf;0.2868932804439362;0.0
dS/L;mature;snoRNA;0.9315885740552097;0.0
dS/L;mature;tRNA;0.9442063111305153;0.0
dS/L;mature;rRNA;0.9553996715799526;0.0
dS;hairpin;trf;0.8988916839806337;0.0
dS;snoRNA;trf;0.9968574375140158;0.0
Mature;mature;tRNA;0.7486324466092169;0.0
dS;tRNA;trf;0.9998274553109255;0.0
dS;rRNA;trf;0.9891197260972355;0.0
EAFE;mature;rRNA;0.9146180709113994;0.0
EAFE;mature;tRNA;0.8367021719100961;0.0
BP/GU;mature;hairpin;0.482242003763948;0.0
BP/GC;hairpin;trf;0.520194995331377;0.0
dS;mature;hairpin;0.9455845962369134;0.0
dS;mature;snoRNA;1.0;0.0
CU;mature;hairpin;0.3281085085033354;0.0
dS;mature;tRNA;1.0;0.0
CG;hairpin;trf;0.48758477894050417;0.0
CG;snoRNA;trf;0.5554639776302701;0.0
dS;mature;rRNA;0.9939879759519038;0.0
MFEI4;mature;rRNA;0.8595546281772988;0.0
Len;mature;rRNA;1.0;0.0
Len;mature;tRNA;1.0;0.0
Len;mature;snoRNA;1.0;0.0
Len;mature;hairpin;1.0;0.0
Len;mature;trf;0.296664140321073;0.0
dS/L;rRNA;trf;0.9369297640072747;0.0
BP/GC;snoRNA;trf;0.7514368617638103;0.0
dG;rRNA;trf;0.8071267111488488;0.0
dP;mature;tRNA;0.8215754245085634;0.0
dG;snoRNA;trf;0.643641237585327;0.0
dG;hairpin;trf;0.650774832750648;0.0
Tm/L;mature;hairpin;0.7468520217223722;0.0
(G-U)/stems;snoRNA;trf;0.6525606403624034;0.0
(G-U)/stems;hairpin;trf;0.6257190433011806;0.0
UG;hairpin;trf;0.36423945870946095;0.0
UG;snoRNA;trf;0.5110610958142312;0.0
UG;mature;trf;0.2550485929546273;0.0
Tm/L;mature;snoRNA;0.7383201040942211;0.0
Tm/L;mature;rRNA;0.8004564392929733;0.0
Tm;hairpin;trf;0.46334089356729596;0.0
UC;mature;trf;0.26087451880460416;0.0
dP;mature;rRNA;0.8309163099522386;0.0
dP;mature;snoRNA;0.787871754387435;0.0
dS/L;tRNA;trf;0.9211028319105934;0.0
dP;mature;hairpin;0.815291361438052;0.0
dP;mature;trf;0.16939051009640493;0.0
dP;rRNA;trf;0.7866995638042598;0.0
dP;tRNA;trf;0.7743643758992345;0.0
BP/GC;mature;snoRNA;0.7481875084540643;0.0
BP/GC;mature;hairpin;0.5220973027910922;0.0
dP;snoRNA;trf;0.7152088716856261;0.0
Tm;mature;hairpin;0.540180790084538;0.0
Tm;mature;snoRNA;0.4965042967595048;0.0
dS/L;hairpin;trf;0.6782000455359317;0.0
GU;mature;trf;0.2008602590753658;0.0
dS/L;snoRNA;trf;0.9038211647615455;0.0
dP;hairpin;trf;0.7910909980857456;0.0
Freq;tRNA;trf;0.7829545665349029;0.0
