Initial Label,Sequence,Mature,pre-miRNA,tRNA,rRNA,snoRNA,trfs,pseudo-hairpins,Random,G+C,A+U,AA,AC,AG,AU,CA,CC,CG,CU,GA,GC,GG,GU,UA,UC,UG,UU,MFEI1,MFEI2,MFEI3,MFEI4,MFEI5,dG,dP,dD,dQ,PosEntropy,EAFE,Div/ty,Freq,Diff,dH,dH/L,dS,dS/L,Tm,Tm/L,|A-U|/L,|G-C|/L,|G-U|/L,Avg_BP_stems,(A-U)/stems,(G-C)/stems,(G-U)/stems,G/C,BP/GC,BP/AU,BP/GU,Len,CE/L,CE_dist,zG,zP,zD,zQ,zSP,dF
Homo sapiens microRNA mir-1302,TTTTTAGTGTAAGTATATCCCATGTAATATTTGGGACATGGTTATACTAAAA,0,1,0,0,0,0,0,0,26.923,73.077,9.804,3.922,3.922,13.725,3.922,3.922,0.0,1.961,1.961,0.0,5.882000000000001,9.804,17.647000000000002,1.961,7.843,13.725,-0.005,-0.122,-0.122,-1.0,-0.0139999999999999,-0.365,0.358,0.017,0.042,0.083,-0.384,0.299,0.8859999999999999,0.0,-91.839,-1.733,-256.897,-4.847,84.34299999999999,352.339,0.245,0.075,0.038,6.332999999999999,22.807,7.018,3.509,1.8,4.75,1.462,9.5,53.0,-0.36,1.1840000000000002,-0.087,2.3680000000000003,-2.298,-2.189,0.002,1.0
Homo sapiens microRNA mir-1302,TTTTTAGCATAAGTATGTCTCATGTAATATTTGGTACATACTTATACTAAAA,0,1,0,0,0,0,0,0,23.077,76.923,9.804,5.882000000000001,3.922,13.725,5.882000000000001,0.0,0.0,5.882000000000001,0.0,1.961,1.961,7.843,19.608,3.922,5.882000000000001,13.725,-0.004,-0.144,-0.096,-0.833,-0.013,-0.288,0.34,0.023,0.061,0.119,-0.3229999999999999,0.163,1.215,0.019,-111.575,-2.105,-320.431,-6.046,75.053,343.04900000000004,0.264,0.075,0.0,9.0,38.889,11.111,0.0,1.0,4.5,1.286,18000.0,53.0,-0.294,1.704,-0.109,1.537,-5.426,-3.991,0.003,1.0
Homo sapiens microRNA mir-1302,TTTTCAATATAAGTATGTCCCATGAAATATTGGAGACATACTTATGCTAAAA,0,1,0,0,0,0,0,0,26.923,73.077,13.725,3.922,3.922,15.686,5.882000000000001,3.922,0.0,3.922,5.882000000000001,1.961,1.961,3.922,13.725,3.922,7.843,9.804,-0.005,-0.346,-0.173,-1.2,-0.013,-0.346,0.283,0.021,0.075,0.135,-0.363,0.477,1.127,0.0,-131.767,-2.486,-384.366,-7.252000000000001,69.666,337.663,0.17,0.094,0.019,15.0,60.0,33.333,6.667000000000001,1.0,3.0,1.6669999999999998,15.0,53.0,-0.347,1.274,-0.08,1.6840000000000002,-3.973,-4.101,0.004,-1.0
Homo sapiens microRNA mir-1302,TTCTTAGAATAAGTATGTCTCCATGCAACATTTGGGACATACTTATGCTAAAA,0,1,0,0,0,0,0,0,32.075,67.925,11.538,5.769,3.846,11.538,7.692,1.923,0.0,7.692,3.846,3.846,3.846,3.846,11.538,5.769,7.692,9.615,-0.005,-0.119,-0.119,-1.056,-0.011,-0.358,0.3329999999999999,0.0289999999999999,0.077,0.153,-0.385,0.449,1.571,0.0,-129.468,-2.398,-370.218,-6.856,76.557,344.649,0.222,0.111,0.0,6.0,22.222,11.111,0.0,0.889,3.0,1.5,18000.0,54.0,-0.369,1.888,-0.04,1.681,-2.3,-2.227,0.004,2.0
Homo sapiens microRNA mir-582,AUCUGUGCUCUUUGAUUACAGUUGUUCAACCAGUUACUAAUCUAACUAAUUGUAACUGGUUGAACAACUGAACCCAAAGGGUGCAAAGUAGAAACAUU,0,1,0,0,0,0,0,0,35.714,64.286,14.433,9.278,5.155,5.155,7.216,3.093,0.0,8.247,4.124,2.062,3.093,8.247,7.216,4.124,9.278,9.278,-0.0069999999999999,-0.2239999999999999,-0.15,-1.571,-0.013,-0.449,0.283,0.025,0.075,0.1939999999999999,-0.4639999999999999,0.092,2.501,0.01,-277.737,-2.805,-802.25,-8.104,73.048,343.43800000000005,0.152,0.121,0.01,14.0,26.786,21.429,1.786,0.944,2.333,1.867,28.0,99.0,-0.445,3.408,-0.062,1.204,-3.39,-2.787,0.002,1.0
Homo sapiens microRNA mir-590,TAGCCAGTCAGAAATGAGCTTATTCATAAAAGTGCAGTATGGTGAAGTCAATCTGTAATTTTATGTATAAGCTAGTCTCTGATTGAAACATGCAGCA,0,1,0,0,0,0,0,0,35.052,64.94800000000001,11.458,1.042,10.417,10.417,8.333,1.042,0.0,5.207999999999999,5.207999999999999,6.25,1.042,8.333,9.375,6.25,9.375,6.25,-0.005,-0.064,-0.053,-0.969,-0.009,-0.32,0.327,0.03,0.078,0.102,-0.344,0.084,2.988,0.01,-222.679,-2.272,-634.95,-6.479,77.553,347.916,0.1939999999999999,0.092,0.0409999999999999,6.4,11.875,5.625,2.5,1.429,3.556,1.6840000000000002,8.0,98.0,-0.301,4.269,-0.016,1.466,-3.4130000000000003,-3.233,0.001,0.268
Homo sapiens microRNA mir-760,GGCGCGUCGCCCCCCUCAGUCCACCAGAGCCCGGAUACCUCAGAAAUUCGGCUCUGGGUCUGUGGGGAGCGAAAUGCAA,0,1,0,0,0,0,0,0,63.291,36.709,6.41,2.564,6.41,3.846,6.41,12.821,7.692,6.41,6.41,8.974,10.255999999999998,5.127999999999999,1.2819999999999998,8.974,5.127999999999999,1.2819999999999998,-0.0139999999999999,-0.086,-0.086,-1.577,-0.008,-0.519,0.325,0.036,0.096,0.153,-0.5429999999999999,0.118,2.855,0.013,-175.78400000000002,-2.197,-504.49,-6.306,75.289,345.025,0.075,0.225,0.025,4.333,3.846,11.538,1.2819999999999998,0.923,1.444,4.333,13.0,80.0,-0.52,3.564,-0.018,1.82,-3.439,-3.016,0.003,0.382
Homo sapiens microRNA mir-760,GGCGCGTCGCCCCCCTCAGTCCACCAGAGCCCGGATACCTCAGAAATTCGGCTCTGGGTCTGTGGGGAGCGAAATGCAA,0,1,0,0,0,0,0,0,63.291,36.709,6.41,2.564,6.41,3.846,6.41,12.821,7.692,6.41,6.41,8.974,10.255999999999998,5.127999999999999,1.2819999999999998,8.974,5.127999999999999,1.2819999999999998,-0.0139999999999999,-0.086,-0.086,-1.577,-0.008,-0.519,0.325,0.036,0.096,0.153,-0.5429999999999999,0.118,2.855,0.013,-175.78400000000002,-2.197,-504.49,-6.306,75.289,345.025,0.075,0.225,0.025,4.333,3.846,11.538,1.2819999999999998,0.923,1.444,4.333,13.0,80.0,-0.52,3.564,-0.0289999999999999,3.031,-3.937,-3.785,0.002,0.382
Homo sapiens microRNA mir-760,GGCGCGUCGCCCCCCUCAGUCCACCAGAGCCCGGAUACCUCAGAAAUUCGGAUUCUGGGUUCUGUGGGGAGCGAAAUGCAA,0,1,0,0,0,0,0,0,60.494,39.506,6.25,2.5,6.25,5.0,6.25,12.5,7.5,5.0,7.5,7.5,10.0,5.0,1.25,8.75,5.0,3.75,-0.013,-0.0819999999999999,-0.071,-1.538,-0.008,-0.494,0.317,0.02,0.0559999999999999,0.084,-0.514,0.288,1.6130000000000002,0.0,-159.224,-1.942,-459.885,-5.608,73.07600000000001,342.895,0.073,0.22,0.024,4.333,3.846,11.538,1.2819999999999998,0.96,1.444,4.333,13.0,82.0,-0.499,1.929,-0.024,1.64,-2.422,-2.166,0.001,0.225
Homo sapiens microRNA mir-574,TGCGGGCGTGTGAGTGTGTGTGTGTGAGTGTGTGTCGCTCCGGGTCCACGCTCATGCACACACCCACACGCCCACACT,0,1,0,0,0,0,0,0,62.821000000000005,37.179,0.0,10.39,2.597,1.2990000000000002,11.688,7.792000000000001,7.792000000000001,3.896,2.597,7.792000000000001,5.195,16.883,0.0,5.195,16.883,0.0,-0.018,-0.3329999999999999,-0.133,-1.6769999999999998,-0.011,-0.667,0.392,0.021,0.055,0.088,-0.68,0.195,1.6780000000000002,0.013,-100.349,-1.27,-289.295,-3.662,73.72399999999999,343.417,0.114,0.228,0.051,15.5,14.515999999999998,29.032,6.452000000000001,1.042,1.722,3.444,7.75,79.0,-0.6579999999999999,2.466,-0.031,2.164,-1.651,-1.61,0.001,1.0
Homo sapiens microRNA mir-574,UGCGGGCGUGUGAGUGUGUGUGUGUGAGUGUGUGUCGCUCCGGGUCCACGCUCAUGCACACACCCACACGCCCACACU,0,1,0,0,0,0,0,0,62.821000000000005,37.179,0.0,10.39,2.597,1.2990000000000002,11.688,7.792000000000001,7.792000000000001,3.896,2.597,7.792000000000001,5.195,16.883,0.0,5.195,16.883,0.0,-0.018,-0.3329999999999999,-0.133,-1.6769999999999998,-0.011,-0.667,0.392,0.021,0.055,0.088,-0.68,0.195,1.6780000000000002,0.013,-100.349,-1.27,-289.295,-3.662,73.72399999999999,343.417,0.114,0.228,0.051,15.5,14.515999999999998,29.032,6.452000000000001,1.042,1.722,3.444,7.75,79.0,-0.6579999999999999,2.466,-0.037,2.439,-1.806,-1.768,0.001,1.0
Homo sapiens microRNA mir-875,TTAGTGGTACTATACCTCAGTTTTATCAGGTGTTCTTAAAATCACCTGGAAACACTGAGGTTGTGTCTCACTGAAC,0,1,0,0,0,0,0,0,39.474,60.526,8.0,9.333,5.332999999999999,4.0,6.667000000000001,2.667,0.0,9.333,4.0,0.0,5.332999999999999,10.667,8.0,8.0,9.333,9.333,-0.0069999999999999,-0.14,-0.084,-1.28,-0.011,-0.421,0.325,0.031,0.089,0.09,-0.44,0.096,2.388,0.013,-193.18,-2.509,-557.72,-7.242999999999999,73.225,342.827,0.156,0.143,0.026,8.333,16.0,14.667,2.667,1.0,2.273,2.083,12.5,77.0,-0.416,2.966,-0.0289999999999999,1.504,-2.156,-2.13,0.002,0.382
Homo sapiens microRNA mir-875,UUAGUGGUACUAUACCUCAGUUUUAUCAGGUGUUCUUAAAAUCACCUGGAAACACUGAGGUUGUGUCUCACUGAAC,0,1,0,0,0,0,0,0,39.474,60.526,8.0,9.333,5.332999999999999,4.0,6.667000000000001,2.667,0.0,9.333,4.0,0.0,5.332999999999999,10.667,8.0,8.0,9.333,9.333,-0.0069999999999999,-0.14,-0.084,-1.28,-0.011,-0.421,0.325,0.031,0.089,0.09,-0.44,0.096,2.388,0.013,-193.18,-2.509,-557.72,-7.242999999999999,73.225,342.827,0.156,0.143,0.026,8.333,16.0,14.667,2.667,1.0,2.273,2.083,12.5,77.0,-0.416,2.966,-0.036,1.842,-3.343,-3.004,0.002,0.382
Homo sapiens microRNA mir-876,TGAAGTGCTGTGGATTTCTTTGTGAATCACCATATCTAAGCTAATGTGGTGGTGGTTTACAAAGTAATTCATAGTGCTTCA,0,1,0,0,0,0,0,0,37.037,62.963,8.75,2.5,5.0,8.75,6.25,1.25,0.0,6.25,3.75,3.75,5.0,11.25,7.5,6.25,13.75,10.0,-0.008,-0.173,-0.13,-1.355,-0.0139999999999999,-0.519,0.3779999999999999,0.024,0.07,0.125,-0.541,0.171,1.992,0.012,-94.489,-1.152,-274.72,-3.35,70.797,340.616,0.183,0.122,0.073,10.333,16.129,10.753,6.452000000000001,1.727,3.1,2.067,5.167000000000001,82.0,-0.521,2.829,-0.044,2.266,-4.426,-3.362,0.002,0.586
Homo sapiens microRNA mir-744,GGTTGGGCAAGGTGCGGGGCTAGGGCTAACAGCAGTCTTACTGAAGGTTTCCTGGAAACCACGCACATGCTGTTGCCACTAACCTCAACCTTACTCGGTC,0,1,0,0,0,0,0,0,55.0,45.0,7.071000000000001,9.091,5.051,1.01,8.081,5.051,3.03,10.101,2.02,8.081,12.121,6.061,5.051,5.051,7.071000000000001,6.061,-0.009,-0.067,-0.044,-1.143,-0.0069999999999999,-0.4,0.347,0.026,0.072,0.118,-0.419,0.158,2.617,0.01,-290.399,-2.875,-847.48,-8.391,69.512,339.957,0.109,0.158,0.04,5.832999999999999,5.238,7.619,1.905,1.037,2.188,3.182,8.75,101.0,-0.4,3.309,-0.017,2.1,-2.115,-2.027,0.002,0.158
Homo sapiens microRNA mir-744,GGUUGGGCAAGGUGCGGGGCUAGGGCUAACAGCAGUCUUACUGAAGGUUUCCUGGAAACCACGCACAUGCUGUUGCCACUAACCUCAACCUUACUCGGUC,0,1,0,0,0,0,0,0,55.0,45.0,7.071000000000001,9.091,5.051,1.01,8.081,5.051,3.03,10.101,2.02,8.081,12.121,6.061,5.051,5.051,7.071000000000001,6.061,-0.009,-0.067,-0.044,-1.143,-0.0069999999999999,-0.4,0.347,0.026,0.072,0.118,-0.419,0.158,2.617,0.01,-290.399,-2.875,-847.48,-8.391,69.512,339.957,0.109,0.158,0.04,5.832999999999999,5.238,7.619,1.905,1.037,2.188,3.182,8.75,101.0,-0.4,3.309,-0.0139999999999999,2.81,-2.014,-2.109,0.002,0.158
Homo sapiens microRNA mir-653,UUCAUUCCUUCAGUGUUGAAACAAUCUCUACUGAACCAGCUUCAAACAAGUUCACUGGAGUUUGUUUCAAUAUUGCAAGAAUGAUAAGAUGGAAGC,0,1,0,0,0,0,0,0,36.458,63.542,12.632,5.263,7.367999999999999,7.367999999999999,9.474,2.105,0.0,6.316,7.367999999999999,3.158,2.105,5.263,3.158,8.421,8.421,11.579,-0.005,-0.083,-0.083,-1.067,-0.009,-0.3329999999999999,0.309,0.02,0.05,0.064,-0.356,0.1169999999999999,1.9,0.01,-232.805,-2.4,-668.321,-6.89,75.193,345.527,0.186,0.093,0.031,7.5,15.0,7.5,2.5,0.944,3.333,1.6669999999999998,10.0,97.0,-0.3379999999999999,2.657,-0.015,1.185,-2.55,-2.438,0.001,0.586
Homo sapiens microRNA mir-653,TTCATTCCTTCAGTGTTGAAACAATCTCTACTGAACCAGCTTCAAACAAGTTCACTGGAGTTTGTTTCAATATTGCAAGAATGATAAGATGGAAGC,0,1,0,0,0,0,0,0,36.458,63.542,12.632,5.263,7.367999999999999,7.367999999999999,9.474,2.105,0.0,6.316,7.367999999999999,3.158,2.105,5.263,3.158,8.421,8.421,11.579,-0.005,-0.083,-0.083,-1.067,-0.009,-0.3329999999999999,0.309,0.02,0.05,0.064,-0.356,0.1169999999999999,1.9,0.01,-232.805,-2.4,-668.321,-6.89,75.193,345.527,0.186,0.093,0.031,7.5,15.0,7.5,2.5,0.944,3.333,1.6669999999999998,10.0,97.0,-0.3379999999999999,2.657,-0.024,1.521,-3.591,-3.1660000000000004,0.001,0.586
Homo sapiens microRNA mir-504,GCUGCUGUUGGGAGACCCUGGUCUGCACUCUAUCUGUAUUCUUACUGAAGGGAGUGCAGGGCAGGGUUUCCCAUACAGAGGGC,0,1,0,0,0,0,0,0,55.422,44.578,1.22,4.878,8.537,3.659,6.098,4.878,0.0,10.976,6.098,7.317,13.415,6.098,4.878,6.098,9.756,6.098,-0.0139999999999999,-0.157,-0.104,-1.529,-0.011,-0.627,0.405,0.019,0.045,0.0579999999999999,-0.637,0.3989999999999999,1.565,0.0,-140.283,-1.67,-416.825,-4.962,63.401,333.3,0.143,0.214,0.048,8.5,8.824,13.235,2.9410000000000003,1.421,1.889,2.833,8.5,84.0,-0.623,1.897,-0.046,5.329,-2.661,-2.323,0.001,0.325
Homo sapiens microRNA mir-504,GCTGCTGTTGGGAGACCCTGGTCTGCACTCTATCTGTATTCTTACTGAAGGGAGTGCAGGGCAGGGTTTCCCATACAGAGGGC,0,1,0,0,0,0,0,0,55.422,44.578,1.22,4.878,8.537,3.659,6.098,4.878,0.0,10.976,6.098,7.317,13.415,6.098,4.878,6.098,9.756,6.098,-0.0139999999999999,-0.157,-0.104,-1.529,-0.011,-0.627,0.405,0.019,0.045,0.0579999999999999,-0.637,0.3989999999999999,1.565,0.0,-140.283,-1.67,-416.825,-4.962,63.401,333.3,0.143,0.214,0.048,8.5,8.824,13.235,2.9410000000000003,1.421,1.889,2.833,8.5,84.0,-0.623,1.897,-0.0279999999999999,1.986,-1.947,-1.867,0.001,0.325
Homo sapiens microRNA mir-1224,GUGAGGACUCGGGAGGUGGAGGGUGGUGCCGCCGGGGCCGGGCGCUGUUUCAGCUCGCUUCUCCCCCCACCUCCUCUCUCCUCAG,0,1,0,0,0,0,0,0,70.58800000000001,29.412,0.0,2.381,5.952000000000001,0.0,3.571,13.095,7.143,11.905,4.762,8.333,15.476,5.952000000000001,0.0,11.905,5.952000000000001,3.571,-0.018,-0.106,-0.076,-1.5519999999999998,-0.0069999999999999,-0.529,0.337,0.08,0.231,0.391,-0.569,0.004,6.877000000000001,0.035,-250.388,-2.911,-719.84,-8.37,74.688,344.662,0.0579999999999999,0.221,0.035,5.8,3.448,13.103,2.069,1.0,1.526,5.8,9.667,86.0,-0.515,8.734,-0.017,1.004,-2.495,-2.274,0.005,0.142
Homo sapiens microRNA mir-1224,GTGAGGACTCGGGAGGTGGAGGGTGGTGCCGCCGGGGCCGGGCGCTGTTTCAGCTCGCTTCTCCCCCCACCTCCTCTCTCCTCAG,0,1,0,0,0,0,0,0,70.58800000000001,29.412,0.0,2.381,5.952000000000001,0.0,3.571,13.095,7.143,11.905,4.762,8.333,15.476,5.952000000000001,0.0,11.905,5.952000000000001,3.571,-0.018,-0.106,-0.076,-1.5519999999999998,-0.0069999999999999,-0.529,0.337,0.08,0.231,0.391,-0.569,0.004,6.877000000000001,0.035,-250.388,-2.911,-719.84,-8.37,74.688,344.662,0.0579999999999999,0.221,0.035,5.8,3.448,13.103,2.069,1.0,1.526,5.8,9.667,86.0,-0.515,8.734,-0.017,1.5219999999999998,-2.345,-2.136,0.006,0.142
Homo sapiens microRNA mir-1226,GTGAGGGCATGCAGGCCTGGATGGGGCAGCTGGGATGGTCCAAAAGGGTGGCCTCACCAGCCCTGTGTTCCCTAG,0,1,0,0,0,0,0,0,64.0,36.0,4.053999999999999,1.351,8.107999999999999,4.053999999999999,8.107999999999999,10.811,0.0,6.757000000000001,4.053999999999999,9.459,17.567999999999998,6.757000000000001,1.351,4.053999999999999,12.162,1.351,-0.013,-0.096,-0.08,-1.385,-0.0069999999999999,-0.48,0.342,0.047,0.123,0.214,-0.514,0.069,3.605,0.013,-197.011,-2.592,-560.57,-7.376,78.298,347.85400000000004,0.066,0.211,0.066,5.2,3.846,12.308,3.846,1.526,1.625,5.2,5.2,76.0,-0.452,5.312,-0.0289999999999999,2.532,-2.128,-2.194,0.004,0.413
Homo sapiens microRNA mir-1226,GUGAGGGCAUGCAGGCCUGGAUGGGGCAGCUGGGAUGGUCCAAAAGGGUGGCCUCACCAGCCCUGUGUUCCCUAG,0,0,0,0,0,0,0,0,64.0,36.0,4.053999999999999,1.351,8.107999999999999,4.053999999999999,8.107999999999999,10.811,0.0,6.757000000000001,4.053999999999999,9.459,17.567999999999998,6.757000000000001,1.351,4.053999999999999,12.162,1.351,-0.013,-0.096,-0.08,-1.385,-0.0069999999999999,-0.48,0.342,0.047,0.123,0.214,-0.514,0.069,3.605,0.013,-197.011,-2.592,-560.57,-7.376,78.298,347.85400000000004,0.066,0.211,0.066,5.2,3.846,12.308,3.846,1.526,1.625,5.2,5.2,76.0,-0.452,5.312,-0.017,1.281,-3.711,-3.383,0.003,0.413
Homo sapiens microRNA mir-1225,GTGGGTACGGCCCAGTGGGGGGGAGAGGGACACGCCCTGGGCTCTGCCCAGGGTGCAGCCGGACTGACTGAGCCCCTGTGCCGCCCCCAG,0,1,0,0,0,0,0,0,74.444,25.556,0.0,5.617999999999999,7.865,0.0,5.617999999999999,16.854,4.494,6.742000000000001,6.742000000000001,10.112,17.977999999999998,5.617999999999999,1.124,1.124,10.112,0.0,-0.022,-0.111,-0.069,-1.5619999999999998,-0.0069999999999999,-0.556,0.352,0.039,0.106,0.233,-0.5870000000000001,0.162,3.576,0.011,-221.429,-2.4330000000000003,-642.7,-7.063,71.37899999999999,341.528,0.011,0.154,0.044,6.4,0.625,8.75,2.5,1.233,2.286,32.0,8.0,91.0,-0.5539999999999999,4.29,-0.011,2.053,-1.786,-1.831,0.003,0.413
Homo sapiens microRNA mir-1225,GUGGGUACGGCCCAGUGGGGGGGAGAGGGACACGCCCUGGGCUCUGCCCAGGGUGCAGCCGGACUGACUGAGCCCCUGUGCCGCCCCCAG,0,1,0,0,0,0,0,0,74.444,25.556,0.0,5.617999999999999,7.865,0.0,5.617999999999999,16.854,4.494,6.742000000000001,6.742000000000001,10.112,17.977999999999998,5.617999999999999,1.124,1.124,10.112,0.0,-0.022,-0.111,-0.069,-1.5619999999999998,-0.0069999999999999,-0.556,0.352,0.039,0.106,0.233,-0.5870000000000001,0.162,3.576,0.011,-221.429,-2.4330000000000003,-642.7,-7.063,71.37899999999999,341.528,0.011,0.154,0.044,6.4,0.625,8.75,2.5,1.233,2.286,32.0,8.0,91.0,-0.5539999999999999,4.29,-0.02,2.789,-2.158,-2.168,0.003,0.413
Homo sapiens microRNA mir-1302,TTTTTAGTGTAAGTATATCCCATGCAATATTTGGGACGTACTTACACCAAAA,0,1,0,0,0,0,0,0,32.692,67.308,9.804,7.843,3.922,9.804,7.843,5.882000000000001,1.961,1.961,1.961,1.961,3.922,7.843,13.725,1.961,5.882000000000001,13.725,-0.006,-0.135,-0.135,-1.167,-0.012,-0.4039999999999999,0.34,0.026,0.066,0.127,-0.431,0.166,1.39,0.019,-94.762,-1.788,-265.052,-5.001,84.37299999999999,352.37,0.226,0.113,0.0,6.0,22.222,11.111,0.0,0.889,3.0,1.5,18000.0,53.0,-0.4,1.984,-0.07,2.654,-2.381,-1.967,0.004,1.0
Homo sapiens microRNA mir-1302,TTTTTAGTGTAAGTATATCCCATGCAATATTAGGGATATGCTTACACTACAA,0,1,0,0,0,0,0,0,30.769,69.23100000000001,5.882000000000001,5.882000000000001,5.882000000000001,13.725,7.843,3.922,0.0,3.922,1.961,3.922,3.922,5.882000000000001,17.647000000000002,1.961,5.882000000000001,11.765,-0.0069999999999999,-0.481,-0.481,-1.471,-0.016,-0.481,0.321,0.018,0.0579999999999999,0.108,-0.497,0.415,0.932,0.0,-87.488,-1.651,-242.845,-4.582,87.111,355.107,0.1889999999999999,0.113,0.019,17.0,58.824,35.294000000000004,5.882000000000001,1.0,2.833,1.7,17.0,53.0,-0.477,1.072,-0.128,2.171,-3.794,-3.44,0.003,-1.0
Homo sapiens microRNA mir-1302,TTTTTAGTATAAGTATAGCCCATGCAATGTTTGTGACATATTTATACTAAAA,0,0,0,0,0,0,0,0,25.0,75.0,9.804,3.922,5.882000000000001,13.725,5.882000000000001,3.922,0.0,1.961,1.961,3.922,0.0,7.843,17.647000000000002,0.0,7.843,15.686,-0.003,-0.25,-0.062,-0.65,-0.01,-0.25,0.377,0.072,0.203,0.367,-0.28,0.077,3.821,0.019,-126.981,-2.396,-376.579,-7.105,64.046,332.042,0.264,0.075,0.038,20.0,70.0,20.0,10.0,1.167,5.0,1.429,10.0,53.0,-0.2019999999999999,5.515,-0.061,1.861,-1.7819999999999998,-1.649,0.01,0.586
Homo sapiens microRNA mir-1302,TTTTTAGTATAGGTATGTCCCATGCAATATTTAGGACATGCTTATACTAAAA,0,1,0,0,0,0,0,0,28.846,71.154,7.843,3.922,5.882000000000001,13.725,5.882000000000001,3.922,0.0,3.922,1.961,3.922,3.922,5.882000000000001,17.647000000000002,1.961,5.882000000000001,13.725,-0.006,-0.442,-0.442,-1.211,-0.015,-0.442,0.358,0.018,0.057,0.1,-0.4629999999999999,0.255,0.962,0.0,-135.42600000000002,-2.555,-381.891,-7.205,81.47,349.466,0.226,0.094,0.038,19.0,63.158,26.316,10.526,1.143,3.8,1.5830000000000002,9.5,53.0,-0.436,1.267,-0.11,2.192,-2.455,-2.124,0.003,-1.0
Homo sapiens microRNA mir-1302,TTTCCAGTATAAGTATGTCCGATGCAATATTTTTGACATACTTATACTAAAA,0,1,0,0,0,0,0,0,26.923,73.077,9.804,5.882000000000001,3.922,13.725,5.882000000000001,3.922,1.961,3.922,3.922,1.961,0.0,5.882000000000001,15.686,3.922,5.882000000000001,13.725,-0.004,-0.327,-0.163,-1.062,-0.012,-0.327,0.302,0.032,0.109,0.181,-0.355,0.293,1.711,0.0,-131.27,-2.477,-380.599,-7.181,71.75399999999999,339.75,0.208,0.075,0.019,16.0,68.75,25.0,6.25,0.75,4.0,1.455,16.0,53.0,-0.325,2.166,-0.0559999999999999,1.7180000000000002,-2.567,-2.524,0.005,2.0
Homo sapiens microRNA mir-1302,TTAAATGTATAAGTATGTCCTGTGAAATATTTAGGACATACTTATGCTAAAA,0,1,0,0,0,0,0,0,25.0,75.0,15.686,3.922,3.922,13.725,1.961,1.961,0.0,5.882000000000001,3.922,1.961,1.961,7.843,17.647000000000002,1.961,9.804,7.843,-0.006,-0.423,-0.423,-1.375,-0.017,-0.423,0.302,0.008,0.039,0.063,-0.436,0.7440000000000001,0.415,0.0,-90.852,-1.714,-259.245,-4.891,77.297,345.293,0.17,0.094,0.038,16.0,56.25,31.25,12.5,1.6,3.2,1.778,8.0,53.0,-0.425,0.427,-0.081,1.6780000000000002,-2.294,-1.991,0.002,-1.0
Homo sapiens microRNA mir-1302,TGTTTAGCATAAGTATGTCCCATGTAGTATTTGGAACATACTTATATTAAAA,0,1,0,0,0,0,0,0,26.923,73.077,9.804,3.922,5.882000000000001,13.725,5.882000000000001,3.922,0.0,1.961,1.961,1.961,1.961,9.804,17.647000000000002,1.961,7.843,11.765,-0.004,-0.096,-0.096,-0.833,-0.011,-0.288,0.34,0.023,0.06,0.1169999999999999,-0.319,0.2789999999999999,1.238,0.0,-102.157,-1.927,-291.38,-5.497999999999999,77.447,345.44300000000004,0.245,0.075,0.019,6.0,24.074,7.407,1.852,1.3330000000000002,4.5,1.385,18.0,53.0,-0.298,1.537,-0.066,1.78,-4.353,-3.749,0.003,1.0
Homo sapiens microRNA mir-1302,TTTTTAGTCTAAGTATCTCCCATGCAATATTTGGGACATACTTATACTTAAA,0,1,0,0,0,0,0,0,28.846,71.154,7.843,5.882000000000001,3.922,11.765,5.882000000000001,3.922,0.0,7.843,1.961,1.961,3.922,3.922,15.686,5.882000000000001,3.922,15.686,-0.004,-0.096,-0.096,-1.0,-0.01,-0.288,0.283,0.036,0.1009999999999999,0.195,-0.32,0.132,1.888,0.019,-90.905,-1.715,-257.722,-4.863,79.574,347.57,0.1889999999999999,0.094,0.0,5.0,22.222,11.111,0.0,0.667,3.0,1.5,15000.0,53.0,-0.291,2.356,-0.063,1.259,-3.654,-2.628,0.005,1.0
Homo sapiens microRNA mir-1302,TTTTAAGTATAAGTGTGTCTCATACACTATTTGGGACATATTTATACTAAAA,0,1,0,0,0,0,0,0,25.0,75.0,9.804,7.843,3.922,11.765,5.882000000000001,0.0,0.0,5.882000000000001,1.961,0.0,3.922,7.843,17.647000000000002,3.922,5.882000000000001,13.725,-0.005,-0.385,-0.385,-1.176,-0.015,-0.385,0.321,0.035,0.095,0.182,-0.418,0.248,1.86,0.0,-112.316,-2.119,-321.41700000000003,-6.064,76.29,344.286,0.1889999999999999,0.075,0.057,17.0,58.824,23.529,17.647000000000002,1.167,4.25,1.7,5.667000000000001,53.0,-0.3939999999999999,2.5580000000000003,-0.078,1.6130000000000002,-1.665,-1.551,0.006,-1.0
Homo sapiens microRNA mir-1302,TTTTTAGTATAAGTATGCCCCATGCTATATTTGGGAATACTTACACTAAAA,0,1,0,0,0,0,0,0,29.412,70.58800000000001,10.0,6.0,4.0,12.0,4.0,6.0,0.0,6.0,2.0,4.0,4.0,4.0,18.0,0.0,6.0,14.0,-0.005,-0.111,-0.111,-0.944,-0.011,-0.3329999999999999,0.346,0.021,0.053,0.106,-0.35,0.3429999999999999,1.077,0.0,-118.001,-2.269,-338.385,-6.507000000000001,75.568,343.465,0.25,0.096,0.0,6.0,24.074,9.259,0.0,0.875,3.6,1.385,18000.0,52.0,-0.3289999999999999,1.366,-0.054,1.7990000000000002,-2.8160000000000003,-3.3080000000000003,0.004,1.0
Homo sapiens microRNA mir-1302,TTTTTAGGATAAGTATATCCCATGTGATATACTTTGGGACATACTTATACTAAAA,0,1,0,0,0,0,0,0,27.273000000000003,72.727,7.407,7.407,3.704,14.815,3.704,3.704,0.0,5.556,5.556,0.0,5.556,3.704,18.519,1.852,5.556,12.963,-0.005,-0.086,-0.086,-0.8640000000000001,-0.013,-0.345,0.3929999999999999,0.026,0.0579999999999999,0.114,-0.369,0.142,1.444,0.018,-136.578,-2.439,-385.549,-6.885,81.093,349.365,0.268,0.107,0.018,5.5,17.045,6.818,1.136,1.143,3.667,1.467,22.0,56.0,-0.336,2.028,-0.052,2.873,-1.537,-1.474,0.003,0.586
Homo sapiens microRNA mir-1302,ATTTTAGTATAAGTATGTCCTATAAAATATTTGAGGCATACTTATACTAAAA,0,1,0,0,0,0,0,0,21.154,78.846,13.725,3.922,5.882000000000001,15.686,1.961,1.961,0.0,5.882000000000001,1.961,1.961,1.961,5.882000000000001,21.569000000000003,1.961,3.922,11.765,-0.005,-0.128,-0.128,-0.909,-0.018,-0.385,0.415,0.059,0.159,0.305,-0.428,0.07,3.144,0.019,-145.616,-2.747,-417.04,-7.869,76.016,344.01199999999994,0.302,0.094,0.019,7.332999999999999,24.242,7.576,1.515,1.2,4.4,1.375,22.0,53.0,-0.385,4.46,-0.129,3.417,-2.514,-2.594,0.01,-1.0
Homo sapiens microRNA mir-1302,TTTTCAGTGTAAGTATACCCCATGCAATATTTGGGATATGCTTATACTAAAA,0,1,0,0,0,0,0,0,30.769,69.23100000000001,9.804,3.922,3.922,13.725,5.882000000000001,5.882000000000001,0.0,3.922,1.961,3.922,3.922,5.882000000000001,15.686,1.961,7.843,11.765,-0.005,-0.183,-0.183,-1.188,-0.012,-0.365,0.302,0.03,0.089,0.1689999999999999,-0.3929999999999999,0.308,1.568,0.0,-83.97,-1.584,-242.233,-4.57,73.5,341.496,0.17,0.094,0.038,8.0,28.125,15.625,6.25,1.0,3.2,1.778,8.0,53.0,-0.372,1.929,-0.064,1.209,-4.743,-4.384,0.004,2.0
Homo sapiens microRNA mir-1302,TTTTTGGTATAAGTATGTCCCATGCAATATTTGGGATATACTTATACAAAAA,0,1,0,0,0,0,0,0,26.923,73.077,11.765,3.922,1.961,15.686,5.882000000000001,3.922,0.0,1.961,1.961,1.961,5.882000000000001,5.882000000000001,15.686,1.961,7.843,13.725,-0.006,-0.442,-0.442,-1.4380000000000002,-0.016,-0.442,0.302,0.045,0.1169999999999999,0.223,-0.472,0.151,2.393,0.019,-87.85600000000001,-1.658,-255.877,-4.828,70.204,338.201,0.1889999999999999,0.094,0.019,16.0,62.5,31.25,6.25,1.3330000000000002,3.2,1.6,16.0,53.0,-0.421,3.579,-0.076,1.116,-1.919,-1.711,0.0069999999999999,-1.0
Homo sapiens microRNA mir-1302,TTTTCAGTGTAAGTATATCCCATGCAATATTTGGGACATGGTTATACTAAAA,0,1,0,0,0,0,0,0,30.769,69.23100000000001,9.804,3.922,3.922,13.725,7.843,3.922,0.0,1.961,1.961,1.961,5.882000000000001,7.843,13.725,3.922,7.843,11.765,-0.004,-0.103,-0.103,-1.067,-0.01,-0.308,0.283,0.0289999999999999,0.083,0.158,-0.3229999999999999,0.286,1.531,0.0,-96.02,-1.812,-277.132,-5.229,73.329,341.325,0.17,0.075,0.038,5.0,20.0,8.889,4.444,1.286,3.75,1.6669999999999998,7.5,53.0,-0.302,1.897,-0.06,1.3230000000000002,-1.901,-1.964,0.006,1.0
Homo sapiens microRNA mir-1302,GTTTTAGCATAAGTATGTCTCATGCAACATGTGGGACATACTTATACTAAAA,0,1,0,0,0,0,0,0,32.692,67.308,9.804,7.843,3.922,11.765,9.804,0.0,0.0,5.882000000000001,1.961,3.922,3.922,7.843,13.725,3.922,7.843,7.843,-0.0069999999999999,-0.221,-0.221,-1.095,-0.0139999999999999,-0.442,0.396,0.015,0.036,0.069,-0.462,0.303,0.797,0.0,-113.268,-2.137,-316.41,-5.97,84.829,352.825,0.264,0.094,0.038,10.5,33.333,11.905,4.762,1.125,4.2,1.5,10.5,53.0,-0.4379999999999999,1.113,-0.084,2.568,-2.657,-2.318,0.002,2.0
Homo sapiens microRNA mir-1302,TTTTTAGTATAAGTATGACCCACACAATATTTGGGATATATTTATACTAAAA,0,1,0,0,0,0,0,0,23.077,76.923,9.804,7.843,3.922,15.686,5.882000000000001,3.922,0.0,1.961,3.922,0.0,3.922,3.922,19.608,0.0,3.922,15.686,-0.005,-0.183,-0.183,-0.95,-0.016,-0.365,0.377,0.016,0.037,0.074,-0.389,0.264,0.8420000000000001,0.0,-106.761,-2.014,-297.961,-5.622000000000001,85.155,353.152,0.264,0.075,0.038,10.0,35.0,10.0,5.0,1.0,5.0,1.429,10.0,53.0,-0.364,1.154,-0.087,2.29,-1.4680000000000002,-1.38,0.002,2.0
Homo sapiens microRNA mir-1302,TTTTGAGTATAAATATGTCCCATGCAATATCTGGAAAATACTTATACTAAAA,0,0,0,0,0,0,0,0,25.0,75.0,17.647000000000002,3.922,1.961,15.686,3.922,3.922,0.0,5.882000000000001,3.922,1.961,1.961,3.922,15.686,3.922,7.843,7.843,-0.002,-0.045,-0.045,-0.5379999999999999,-0.005,-0.135,0.245,0.063,0.172,0.324,-0.18,0.096,3.3560000000000003,0.019,-128.259,-2.42,-386.986,-7.302,58.281000000000006,326.277,0.1889999999999999,0.057,0.0,4.333,25.641,7.692,0.0,0.857,4.333,1.3,13000.0,53.0,-0.149,4.217,-0.018,0.95,-1.957,-1.975,0.011,1.0
Homo sapiens microRNA mir-1302,CTTCCAGTATAAGTATATTCTGTGCAATATTTGGGACATACTTATACTAAAA,0,0,0,0,0,0,0,0,28.846,71.154,9.804,5.882000000000001,3.922,13.725,5.882000000000001,1.961,0.0,7.843,1.961,1.961,3.922,5.882000000000001,17.647000000000002,3.922,5.882000000000001,9.804,-0.004,-0.125,-0.125,-0.812,-0.009,-0.25,0.302,0.02,0.063,0.113,-0.276,0.341,1.054,0.0,-104.123,-1.965,-300.48900000000003,-5.67,73.362,341.358,0.1889999999999999,0.057,0.057,8.0,31.25,9.375,9.375,0.875,5.332999999999999,1.6,5.332999999999999,53.0,-0.258,1.318,-0.026,1.07,-2.3080000000000003,-2.082,0.004,2.0
Homo sapiens microRNA mir-1302,GTTTTACTGTAAGTATATCCCATGCAACATTTGGGATATACTTATACTAAAA,0,1,0,0,0,0,0,0,28.846,71.154,9.804,7.843,1.961,13.725,5.882000000000001,3.922,0.0,5.882000000000001,1.961,1.961,3.922,5.882000000000001,17.647000000000002,1.961,5.882000000000001,11.765,-0.006,-0.2019999999999999,-0.2019999999999999,-1.05,-0.0139999999999999,-0.4039999999999999,0.377,0.018,0.044,0.078,-0.427,0.31,0.947,0.0,-91.105,-1.719,-260.311,-4.912,76.837,344.833,0.283,0.075,0.019,10.0,37.5,10.0,2.5,0.875,5.0,1.3330000000000002,20.0,53.0,-0.4039999999999999,1.223,-0.055,2.214,-2.057,-1.999,0.002,2.0
Homo sapiens microRNA mir-1302,TATTTAGTATAAGTATATCCCATGCAATATTTGGGATATACTTATGCTTAAA,0,1,0,0,0,0,0,0,25.0,75.0,7.843,1.961,3.922,19.608,3.922,3.922,0.0,3.922,1.961,3.922,3.922,3.922,21.569000000000003,1.961,5.882000000000001,11.765,-0.006,-0.442,-0.442,-1.3530000000000002,-0.018,-0.442,0.321,0.027,0.076,0.148,-0.472,0.216,1.454,0.0,-87.745,-1.656,-247.99400000000003,-4.678999999999999,80.671,348.667,0.208,0.094,0.019,17.0,64.706,29.412,5.882000000000001,1.167,3.4,1.545,17.0,53.0,-0.445,1.895,-0.138,2.593,-2.7430000000000003,-2.496,0.004,-1.0
Homo sapiens microRNA mir-1302,TTTTCAGTATAAGTATATCCCATGCAATGTTTGGGATATACTTATACTAAAA,0,1,0,0,0,0,0,0,26.923,73.077,9.804,3.922,3.922,15.686,5.882000000000001,3.922,0.0,3.922,1.961,1.961,3.922,5.882000000000001,17.647000000000002,3.922,5.882000000000001,11.765,-0.006,-0.462,-0.231,-1.263,-0.017,-0.462,0.358,0.034,0.089,0.171,-0.497,0.162,1.798,0.019,-95.177,-1.796,-272.099,-5.134,76.638,344.634,0.226,0.113,0.019,19.0,63.158,31.579,5.263,1.0,3.167,1.5830000000000002,19.0,53.0,-0.466,2.476,-0.143,2.4090000000000003,-3.026,-2.471,0.004,2.0
Homo sapiens microRNA mir-1302,TGTTTAGGTATAAGTATATCCCATGTAATCTTTGGGACATACTTATGCTAAAA,0,1,0,0,0,0,0,0,30.189,69.811,9.615,3.846,3.846,13.462,3.846,3.846,0.0,5.769,1.923,1.923,5.769,7.692,17.308,3.846,7.692,9.615,-0.005,-0.1889999999999999,-0.1889999999999999,-1.25,-0.013,-0.377,0.296,0.0409999999999999,0.106,0.212,-0.401,0.188,2.24,0.019,-110.417,-2.045,-310.172,-5.744,82.836,350.92800000000005,0.1669999999999999,0.093,0.037,8.0,28.125,15.625,6.25,1.286,3.2,1.778,8.0,54.0,-0.374,2.999,-0.048,1.501,-1.61,-1.642,0.0069999999999999,2.0
Homo sapiens microRNA mir-1302,TTTTTAGTATAACTATGTTCCATGCAATGTTTGGGAAATACTCATACTAAAA,0,0,0,0,0,0,0,0,26.923,73.077,13.725,5.882000000000001,1.961,11.765,5.882000000000001,1.961,0.0,5.882000000000001,1.961,1.961,3.922,5.882000000000001,13.725,3.922,7.843,13.725,-0.003,-0.071,-0.042,-0.55,-0.008,-0.212,0.377,0.0409999999999999,0.088,0.175,-0.246,0.057,2.1590000000000003,0.019,-105.128,-1.984,-316.086,-5.964,59.443000000000005,327.439,0.264,0.075,0.038,6.667000000000001,23.333,6.667000000000001,3.333,1.0,5.0,1.429,10.0,53.0,-0.206,3.103,-0.031,2.06,-1.774,-1.643,0.005,0.382
Homo sapiens microRNA mir-1302,TTTCTTATAAGTATGTCTCATGCAATATTTGGGACATACTTATAATAAAA,0,1,0,0,0,0,0,0,24.0,76.0,12.245,4.082,2.041,16.327,6.122000000000001,0.0,0.0,6.122000000000001,2.041,2.041,4.082,4.082,16.327,6.122000000000001,6.122000000000001,12.245,-0.005,-0.19,-0.19,-1.0,-0.016,-0.38,0.373,0.022,0.051,0.057,-0.409,0.295,1.111,0.0,-116.434,-2.283,-329.356,-6.457999999999999,80.37,348.164,0.275,0.078,0.02,9.5,36.842,10.526,2.632,1.0,4.75,1.357,19.0,51.0,-0.373,1.726,-0.1119999999999999,3.761,-3.615,-2.9330000000000003,0.001,2.0
Homo sapiens microRNA mir-1302,TTTTTAGTATAAGTATGTCCCATGCAACCTTTGGGACATACTTATGCTTAAA,0,1,0,0,0,0,0,0,32.692,67.308,7.843,5.882000000000001,3.922,9.804,5.882000000000001,5.882000000000001,0.0,5.882000000000001,1.961,3.922,3.922,5.882000000000001,13.725,1.961,7.843,15.686,-0.0069999999999999,-0.481,-0.481,-1.471,-0.015,-0.481,0.321,0.032,0.098,0.19,-0.513,0.152,1.72,0.019,-61.611,-1.162,-174.019,-3.283,80.896,348.892,0.1889999999999999,0.113,0.019,17.0,58.824,35.294000000000004,5.882000000000001,0.889,2.833,1.7,17.0,53.0,-0.481,2.174,-0.11,2.265,-2.986,-3.1830000000000003,0.005,-1.0
Homo sapiens microRNA mir-1302,TTTTTAGTATAAGTATATCCCATGCCATATTTGGGATATACTTATGTTAAAA,0,1,0,0,0,0,0,0,25.0,75.0,7.843,1.961,3.922,17.647000000000002,3.922,5.882000000000001,0.0,1.961,1.961,1.961,3.922,5.882000000000001,19.608,1.961,5.882000000000001,15.686,-0.006,-0.423,-0.423,-1.048,-0.017,-0.423,0.396,0.021,0.046,0.09,-0.447,0.185,1.096,0.019,-109.187,-2.06,-310.463,-5.858,78.541,346.537,0.283,0.075,0.038,21.0,71.429,19.048,9.524,1.167,5.25,1.4,10.5,53.0,-0.417,1.779,-0.073,2.319,-1.777,-1.465,0.003,-1.0
Homo sapiens microRNA mir-1302,TTTTTAGAATAAGTATGTCCCATGCAATACTTGGGACATGCTTACACTAAAA,0,1,0,0,0,0,0,0,32.692,67.308,11.765,7.843,3.922,9.804,7.843,3.922,0.0,5.882000000000001,3.922,3.922,3.922,3.922,11.765,1.961,7.843,11.765,-0.006,-0.212,-0.212,-1.158,-0.013,-0.423,0.358,0.0139999999999999,0.032,0.062,-0.456,0.261,0.767,0.0,-81.007,-1.528,-236.613,-4.464,69.212,337.209,0.226,0.113,0.019,9.5,31.579,15.789,2.632,0.889,3.167,1.5830000000000002,19.0,53.0,-0.43,1.143,-0.075,2.222,-2.21,-2.5980000000000003,0.002,2.0
Homo sapiens microRNA mir-1302,TTTTTAGAATGAGTATGTTCCATGCAATATTTGGGACATGCTTATACTAAAA,0,1,0,0,0,0,0,0,28.846,71.154,9.804,3.922,3.922,13.725,5.882000000000001,1.961,0.0,3.922,5.882000000000001,3.922,3.922,3.922,11.765,1.961,9.804,15.686,-0.006,-0.212,-0.212,-1.1,-0.015,-0.423,0.377,0.012,0.0279999999999999,0.054,-0.434,0.385,0.618,0.0,-47.467,-0.8959999999999999,-136.17,-2.569,75.437,343.43300000000005,0.226,0.094,0.057,10.0,30.0,12.5,7.5,1.5,4.0,1.6669999999999998,6.667000000000001,53.0,-0.413,0.8690000000000001,-0.066,2.185,-3.427,-2.763,0.001,2.0
Homo sapiens microRNA mir-1302,TTTTGAGGATAAGTATATCCCATGTAATGTTTGGGACATAACTTACCCTAAAA,0,0,0,0,0,0,0,0,32.075,67.925,11.538,5.769,3.846,11.538,3.846,7.692,0.0,3.846,5.769,0.0,5.769,5.769,13.462,1.923,7.692,11.538,-0.004,-0.088,-0.066,-0.933,-0.008,-0.264,0.278,0.063,0.159,0.306,-0.295,0.086,3.4160000000000004,0.019,-115.204,-2.133,-337.802,-6.256,67.89,335.982,0.1669999999999999,0.111,0.0,5.0,20.0,13.333,0.0,1.125,2.5,1.6669999999999998,15000.0,54.0,-0.261,4.884,-0.027,1.467,-2.803,-2.635,0.008,0.586
Homo sapiens microRNA mir-1302,TTTTTAGTATAATTATATCTCATGCAATATTTAGGACATACTTATGCTAAAA,0,0,0,0,0,0,0,0,21.154,78.846,9.804,3.922,3.922,17.647000000000002,5.882000000000001,0.0,0.0,5.882000000000001,1.961,3.922,1.961,1.961,19.608,3.922,3.922,15.686,-0.002,-0.0579999999999999,-0.0579999999999999,-0.529,-0.008,-0.173,0.321,0.031,0.086,0.16,-0.211,0.0969999999999999,1.651,0.019,-109.312,-2.062,-320.909,-6.055,67.482,335.47900000000004,0.245,0.038,0.038,5.667000000000001,25.49,3.922,3.922,0.833,8.5,1.308,8.5,53.0,-0.178,2.303,-0.052,2.138,-3.342,-3.198,0.004,1.0
Homo sapiens microRNA mir-1302,TTTTTAGTGTAATTATGTTCCATGCAATATTTGGAACATATTTATTCTAACA,0,1,0,0,0,0,0,0,23.077,76.923,7.843,3.922,1.961,15.686,7.843,1.961,0.0,1.961,1.961,1.961,1.961,5.882000000000001,13.725,3.922,7.843,21.569000000000003,-0.004,-0.096,-0.096,-0.882,-0.013,-0.288,0.321,0.0139999999999999,0.032,0.061,-0.316,0.412,0.728,0.0,-99.516,-1.878,-281.603,-5.313,80.23899999999999,348.236,0.226,0.075,0.019,5.667000000000001,23.529,7.843,1.961,1.0,4.25,1.4169999999999998,17.0,53.0,-0.3,0.8809999999999999,-0.0559999999999999,1.408,-2.206,-1.863,0.002,1.0
Homo sapiens microRNA mir-1302,TTTTTAGCATAAGTATGTCCCACATAATATCTGGGAAATACTTACGCTAAAC,0,1,0,0,0,0,0,0,32.692,67.308,11.765,7.843,3.922,11.765,5.882000000000001,3.922,1.961,5.882000000000001,1.961,3.922,3.922,3.922,15.686,3.922,3.922,9.804,-0.005,-0.122,-0.122,-1.056,-0.011,-0.365,0.34,0.019,0.04,0.079,-0.396,0.282,0.993,0.0,-91.03,-1.7180000000000002,-252.065,-4.756,87.986,355.982,0.226,0.113,0.0,6.0,22.222,11.111,0.0,0.7,3.0,1.5,18000.0,53.0,-0.374,1.295,-0.078,2.268,-2.033,-1.991,0.002,1.0
Homo sapiens microRNA mir-1302,CTTTTAGTATAAGTATGTCCCATGCAATAATTGGGACATACTTATGTTAACA,0,1,0,0,0,0,0,0,30.769,69.23100000000001,7.843,5.882000000000001,3.922,13.725,7.843,3.922,0.0,3.922,1.961,1.961,3.922,7.843,15.686,1.961,7.843,11.765,-0.006,-0.423,-0.423,-1.158,-0.0139999999999999,-0.423,0.358,0.023,0.054,0.106,-0.456,0.2289999999999999,1.234,0.0,-81.97200000000001,-1.547,-235.19,-4.438,75.38600000000001,343.38199999999995,0.226,0.094,0.038,19.0,63.158,26.316,10.526,1.0,3.8,1.5830000000000002,9.5,53.0,-0.411,1.829,-0.089,4.013999999999999,-2.974,-2.6,0.003,-1.0
Homo sapiens microRNA mir-1302,TTTTTAGTATAAATATGTTCCATGTAACAATGAGGACATACTTATACTAAAA,0,1,0,0,0,0,0,0,23.077,76.923,13.725,7.843,3.922,13.725,5.882000000000001,1.961,0.0,3.922,3.922,0.0,1.961,5.882000000000001,17.647000000000002,1.961,5.882000000000001,11.765,-0.005,-0.183,-0.122,-0.905,-0.016,-0.365,0.396,0.013,0.0279999999999999,0.053,-0.379,0.366,0.6759999999999999,0.0,-127.427,-2.404,-362.066,-6.831,78.794,346.79,0.302,0.075,0.019,10.5,38.095,9.524,2.381,1.0,5.25,1.3119999999999998,21.0,53.0,-0.358,0.937,-0.107,3.005,-3.494,-3.593,0.001,2.0
Homo sapiens microRNA mir-1302,ATTTTAGTATAAGTATGTCCCATGCATTATTTGGGATATACTTATATTTTAA,0,1,0,0,0,0,0,0,23.077,76.923,3.922,1.961,3.922,19.608,3.922,3.922,0.0,1.961,1.961,1.961,3.922,5.882000000000001,19.608,1.961,5.882000000000001,19.608,-0.005,-0.4039999999999999,-0.4039999999999999,-1.235,-0.017,-0.4039999999999999,0.321,0.018,0.053,0.104,-0.425,0.271,0.953,0.0,-68.00399999999999,-1.283,-192.68,-3.635,79.785,347.781,0.208,0.075,0.038,17.0,64.706,23.529,11.765,1.4,4.25,1.545,8.5,53.0,-0.402,1.238,-0.107,2.113,-4.15,-4.265,0.003,-1.0
Homo sapiens microRNA mir-1302,CTTTTAGCATAAGTATATCTCATGCAATATTTGAGATATACTTATATTAAAA,0,1,0,0,0,0,0,0,21.154,78.846,9.804,1.961,5.882000000000001,19.608,5.882000000000001,0.0,0.0,5.882000000000001,3.922,3.922,0.0,1.961,19.608,3.922,3.922,13.725,-0.004,-0.173,-0.173,-0.947,-0.016,-0.346,0.358,0.017,0.038,0.074,-0.377,0.2,0.904,0.0,-120.458,-2.273,-340.042,-6.416,81.094,349.091,0.283,0.057,0.019,9.5,39.474,7.895,2.632,0.833,6.332999999999999,1.267,19.0,53.0,-0.351,1.288,-0.083,1.786,-2.349,-2.193,0.002,2.0
Homo sapiens microRNA mir-1302,TTTTTAGTGTAAGTATGTCCCGTGAAATATTTGGGACATGCTTATACTATAA,0,1,0,0,0,0,0,0,30.769,69.23100000000001,7.843,3.922,3.922,11.765,1.961,3.922,1.961,3.922,3.922,1.961,3.922,9.804,15.686,1.961,9.804,13.725,-0.0069999999999999,-0.5,-0.5,-1.444,-0.016,-0.5,0.34,0.013,0.048,0.091,-0.519,0.534,0.7020000000000001,0.0,-40.711,-0.768,-120.915,-2.281,63.544,331.54,0.17,0.113,0.057,18.0,50.0,33.333,16.667,1.6669999999999998,3.0,2.0,6.0,53.0,-0.502,0.775,-0.126,1.785,-2.419,-2.298,0.003,-1.0
Homo sapiens microRNA mir-1302,GTTTTAGTGTAAGTGTGTCCCATGTAATGTTTGGGACATACTTTTACTAAAA,0,1,0,0,0,0,0,0,32.692,67.308,9.804,5.882000000000001,3.922,5.882000000000001,3.922,3.922,0.0,3.922,1.961,0.0,3.922,15.686,11.765,1.961,11.765,15.686,-0.0069999999999999,-0.24,-0.24,-1.25,-0.015,-0.481,0.377,0.015,0.036,0.071,-0.495,0.303,0.797,0.0,-54.809,-1.034,-154.795,-2.9210000000000003,80.92699999999999,348.92400000000004,0.226,0.113,0.038,10.0,30.0,15.0,5.0,1.833,3.333,1.6669999999999998,10.0,53.0,-0.47,1.072,-0.077,2.532,-1.65,-1.539,0.002,2.0
Homo sapiens microRNA mir-1302,TTTTTAGTGTAAGTATATCCTATGCAATATTTGGGACATGCTTATACTAAAA,0,1,0,0,0,0,0,0,26.923,73.077,9.804,3.922,3.922,13.725,3.922,1.961,0.0,5.882000000000001,1.961,3.922,3.922,5.882000000000001,17.647000000000002,1.961,7.843,13.725,-0.006,-0.2019999999999999,-0.2019999999999999,-1.05,-0.015,-0.4039999999999999,0.377,0.013,0.032,0.061,-0.418,0.362,0.693,0.0,-100.823,-1.902,-280.374,-5.29,86.45200000000001,354.44800000000004,0.245,0.075,0.057,10.0,32.5,10.0,7.5,1.3330000000000002,5.0,1.538,6.667000000000001,53.0,-0.396,0.953,-0.078,1.943,-1.785,-1.711,0.002,2.0
Homo sapiens microRNA mir-1302,TTTTTAGTATAACTATGTCCCATGCAATATTTGGAATATACTTATACTGTAA,0,0,0,0,0,0,0,0,25.0,75.0,7.843,5.882000000000001,1.961,15.686,3.922,3.922,0.0,5.882000000000001,1.961,1.961,1.961,5.882000000000001,19.608,1.961,7.843,13.725,-0.003,-0.077,-0.077,-0.75,-0.009,-0.231,0.302,0.02,0.061,0.118,-0.247,0.408,1.079,0.0,-96.866,-1.828,-282.911,-5.337999999999999,69.241,337.237,0.208,0.057,0.038,5.332999999999999,22.917,6.25,4.167,0.857,5.332999999999999,1.455,8.0,53.0,-0.2319999999999999,1.185,-0.0409999999999999,1.398,-2.4130000000000003,-2.345,0.004,1.0
Homo sapiens microRNA mir-708,AACUGCCCUCAAGGAGCUUACAAUCUAGCUGGGGGUAAAUGACUUGCACAUGAACACAACUAGACUGUGAGCUUCUAGAGGGCAGGGA,0,1,0,0,0,0,0,0,48.864,51.136,8.046,9.195,9.195,3.448,8.046,2.299,0.0,11.494000000000002,8.046,6.897,10.345,2.299,5.747000000000001,3.448,8.046,3.448,-0.01,-0.125,-0.083,-1.419,-0.01,-0.5,0.348,0.034,0.105,0.142,-0.506,0.486,3.029,0.0,-93.755,-1.053,-274.625,-3.0860000000000003,68.241,338.32199999999995,0.157,0.1689999999999999,0.022,7.75,11.29,12.097,1.6130000000000002,1.263,2.067,2.214,15.5,89.0,-0.496,3.813,-0.036,1.878,-2.689,-2.597,0.002,0.268
Homo sapiens microRNA mir-708,GCCTGCCCTCCAGGAGCTCACAATCTAGTGGGAAAGTCAGAAAGGTAACTCAATAGACTGTGAGCTCCTTGAGGGCAAGGA,0,1,0,0,0,0,0,0,51.852,48.148,10.0,3.75,12.5,2.5,7.5,6.25,0.0,10.0,8.75,6.25,8.75,5.0,3.75,7.5,6.25,1.25,-0.011,-0.136,-0.109,-1.571,-0.01,-0.5429999999999999,0.341,0.021,0.057,0.09,-0.569,0.127,1.727,0.012,-108.118,-1.319,-327.86,-3.998,56.619,326.438,0.134,0.195,0.012,7.0,9.821,14.286,0.893,1.211,1.75,2.545,28.0,82.0,-0.546,2.613,-0.027,1.602,-2.437,-2.246,0.002,0.586
Homo sapiens microRNA mir-708,AACTGCCCTCAAGGAGCTTACAATCTAGCTGGGGGTAAATGACTTGCACATGAACACAACTAGACTGTGAGCTTCTAGAGGGCAGGGA,0,1,0,0,0,0,0,0,48.864,51.136,8.046,9.195,9.195,3.448,8.046,2.299,0.0,11.494000000000002,8.046,6.897,10.345,2.299,5.747000000000001,3.448,8.046,3.448,-0.01,-0.125,-0.083,-1.419,-0.01,-0.5,0.348,0.034,0.105,0.142,-0.506,0.486,3.029,0.0,-93.755,-1.053,-274.625,-3.0860000000000003,68.241,338.32199999999995,0.157,0.1689999999999999,0.022,7.75,11.29,12.097,1.6130000000000002,1.263,2.067,2.214,15.5,89.0,-0.496,3.813,-0.034,2.198,-2.406,-2.283,0.003,0.268
Homo sapiens microRNA mir-874,TTAGCCCTGCGGCCCCACGCACCAGGGTAAGAGAGACTCTCGCTTCCTGCCCTGGCCCGAGGGACCGACTGGCTGGGC,0,1,0,0,0,0,0,0,69.23100000000001,30.769,1.2990000000000002,6.494,7.792000000000001,0.0,3.896,15.584,6.494,10.39,7.792000000000001,11.688,11.688,1.2990000000000002,2.597,3.896,6.494,2.597,-0.015,-0.095,-0.068,-1.423,-0.0069999999999999,-0.474,0.3289999999999999,0.059,0.177,0.1989999999999999,-0.505,0.0279999999999999,4.7,0.025,-181.766,-2.301,-534.965,-6.772,66.622,336.314,0.051,0.228,0.051,5.2,3.077,13.845999999999998,3.077,0.862,1.444,6.5,6.5,79.0,-0.425,5.946000000000001,-0.02,2.188,-2.083,-2.316,0.004,0.198
Homo sapiens microRNA mir-874,UUAGCCCUGCGGCCCCACGCACCAGGGUAAGAGAGACUCUCGCUUCCUGCCCUGGCCCGAGGGACCGACUGGCUGGGC,0,1,0,0,0,0,0,0,69.23100000000001,30.769,1.2990000000000002,6.494,7.792000000000001,0.0,3.896,15.584,6.494,10.39,7.792000000000001,11.688,11.688,1.2990000000000002,2.597,3.896,6.494,2.597,-0.015,-0.095,-0.068,-1.423,-0.0069999999999999,-0.474,0.3289999999999999,0.059,0.177,0.1989999999999999,-0.505,0.0279999999999999,4.7,0.025,-181.766,-2.301,-534.965,-6.772,66.622,336.314,0.051,0.228,0.051,5.2,3.077,13.845999999999998,3.077,0.862,1.444,6.5,6.5,79.0,-0.425,5.946000000000001,-0.018,2.116,-1.953,-1.819,0.004,0.198
Homo sapiens microRNA mir-665,AGAGGAGGGUCUCCUCGAGGGGUCUCUGCCUCUACCCAGGACUCUUUCAUGACCAGGAGGCUGAGGCCCCUCACAGGCGGCUUCUUACUCU,0,1,0,0,0,0,0,0,60.44,39.56,0.0,5.556,10.0,1.111,5.556,8.889,2.222,15.556,7.778,5.556,13.333,2.222,2.222,12.222,3.333,4.444,-0.012,-0.118,-0.059,-1.265,-0.008,-0.473,0.37,0.051,0.139,0.188,-0.504,0.034,4.646,0.022,-163.389,-1.776,-489.115,-5.316,60.9,331.081,0.098,0.217,0.054,8.5,6.617999999999999,14.706,3.676,0.897,1.7,3.778,6.8,92.0,-0.46,6.419,-0.0279999999999999,2.552,-2.147,-1.921,0.003,0.268
Homo sapiens microRNA mir-665,AGAGGAGGGTCTCCTCGAGGGGTCTCTGCCTCTACCCAGGACTCTTTCATGACCAGGAGGCTGAGGCCCCTCACAGGCGGCTTCTTACTCT,0,1,0,0,0,0,0,0,60.44,39.56,0.0,5.556,10.0,1.111,5.556,8.889,2.222,15.556,7.778,5.556,13.333,2.222,2.222,12.222,3.333,4.444,-0.012,-0.118,-0.059,-1.265,-0.008,-0.473,0.37,0.051,0.139,0.188,-0.504,0.034,4.646,0.022,-163.389,-1.776,-489.115,-5.316,60.9,331.081,0.098,0.217,0.054,8.5,6.617999999999999,14.706,3.676,0.897,1.7,3.778,6.8,92.0,-0.46,6.419,-0.018,2.138,-5.024,-5.182,0.002,0.268
Homo sapiens microRNA mir-582,ATCTGTGCTCTTTGATTACAGTTGTTCAACCAGTTACTAATCTAACTAATTGTAACTGGTTGAACAACTGAACCCAAAGGGTGCAAAGTAGAAACATT,0,1,0,0,0,0,0,0,35.714,64.286,14.433,9.278,5.155,5.155,7.216,3.093,0.0,8.247,4.124,2.062,3.093,8.247,7.216,4.124,9.278,9.278,-0.0069999999999999,-0.2239999999999999,-0.15,-1.571,-0.013,-0.449,0.283,0.025,0.075,0.1939999999999999,-0.4639999999999999,0.092,2.501,0.01,-277.737,-2.805,-802.25,-8.104,73.048,343.43800000000005,0.152,0.121,0.01,14.0,26.786,21.429,1.786,0.944,2.333,1.867,28.0,99.0,-0.445,3.408,-0.042,2.107,-2.193,-2.283,0.002,1.0
Homo sapiens microRNA mir-1302,TGTTTAGTGTAAGTATGTCCCATGCAATATCTGGGACATACTTATACTAAAA,0,1,0,0,0,0,0,0,32.692,67.308,9.804,5.882000000000001,3.922,11.765,5.882000000000001,3.922,0.0,5.882000000000001,1.961,1.961,3.922,9.804,15.686,3.922,9.804,5.882000000000001,-0.008,-0.5379999999999999,-0.5379999999999999,-1.4,-0.016,-0.5379999999999999,0.377,0.013,0.032,0.06,-0.5589999999999999,0.3929999999999999,0.672,0.0,-60.911,-1.149,-170.79,-3.222,83.49600000000001,351.492,0.245,0.113,0.019,20.0,65.0,30.0,5.0,1.125,3.333,1.538,20.0,53.0,-0.5379999999999999,0.813,-0.11,3.047,-2.104,-2.157,0.002,-1.0
Homo sapiens microRNA mir-1302,TTTTTAGTTTAAGTATGCCCTATGCAATATTTGAGACATACTTATGCTAAAA,0,0,0,0,0,0,0,0,26.923,73.077,9.804,3.922,5.882000000000001,11.765,3.922,3.922,0.0,5.882000000000001,3.922,5.882000000000001,0.0,3.922,15.686,0.0,7.843,17.647000000000002,-0.003,-0.115,-0.0579999999999999,-0.706,-0.009,-0.231,0.321,0.052,0.152,0.2739999999999999,-0.2739999999999999,0.036,2.76,0.038,-124.617,-2.351,-369.365,-6.968999999999999,64.232,332.228,0.208,0.094,0.019,8.5,32.353,14.706,2.9410000000000003,1.0,3.4,1.545,17.0,53.0,-0.215,3.629,-0.045,1.662,-2.405,-2.374,0.008,0.586
Homo sapiens microRNA mir-1302,TTTTTAGTATAAGTATGCCTCATGCAATACTTGGGATATACTTATACTAAAA,0,1,0,0,0,0,0,0,26.923,73.077,9.804,5.882000000000001,3.922,13.725,3.922,1.961,0.0,7.843,1.961,3.922,3.922,3.922,19.608,1.961,5.882000000000001,11.765,-0.005,-0.183,-0.183,-0.95,-0.0139999999999999,-0.365,0.377,0.03,0.07,0.1369999999999999,-0.401,0.133,1.604,0.019,-125.083,-2.36,-355.99300000000005,-6.7170000000000005,78.214,346.21,0.264,0.075,0.038,10.0,35.0,10.0,5.0,1.0,5.0,1.429,10.0,53.0,-0.368,2.206,-0.089,2.373,-1.97,-1.867,0.004,2.0
Homo sapiens microRNA mir-1302,CTTTTAGTATAAATGTGTCCCATGCAATCTTTGGAACACATTTATACTAAAA,0,1,0,0,0,0,0,0,28.846,71.154,13.725,5.882000000000001,1.961,11.765,7.843,3.922,0.0,5.882000000000001,1.961,1.961,1.961,5.882000000000001,11.765,3.922,7.843,13.725,-0.006,-0.212,-0.212,-1.158,-0.015,-0.423,0.358,0.017,0.045,0.089,-0.4379999999999999,0.3329999999999999,0.8759999999999999,0.0,-125.55,-2.369,-349.70300000000003,-6.598,85.869,353.865,0.264,0.094,0.0,9.5,36.842,13.158,0.0,0.667,3.8,1.357,19000.0,53.0,-0.417,1.113,-0.125,2.4330000000000003,-1.683,-1.7,0.003,2.0
Homo sapiens microRNA mir-1302,TTTTCAGTGTAAGTATATCCCATGCAATATTTGGGACATACGTATACTAAAA,0,1,0,0,0,0,0,0,30.769,69.23100000000001,9.804,5.882000000000001,3.922,13.725,7.843,3.922,1.961,1.961,1.961,1.961,3.922,7.843,15.686,3.922,5.882000000000001,9.804,-0.004,-0.103,-0.103,-1.067,-0.01,-0.308,0.283,0.0289999999999999,0.084,0.16,-0.325,0.2789999999999999,1.5619999999999998,0.0,-101.277,-1.911,-290.41700000000003,-5.48,75.58,343.576,0.17,0.094,0.019,5.0,20.0,11.111,2.222,1.0,3.0,1.6669999999999998,15.0,53.0,-0.304,1.929,-0.051,2.999,-2.773,-2.555,0.004,1.0
Homo sapiens microRNA mir-1302,TTGTTAATATAAGTATACCCCATTCAATATTTGGGACATACTTATACTAAAA,0,0,0,0,0,0,0,0,25.0,75.0,11.765,7.843,1.961,15.686,5.882000000000001,5.882000000000001,0.0,3.922,1.961,0.0,3.922,3.922,19.608,1.961,3.922,11.765,-0.003,-0.083,-0.083,-0.812,-0.01,-0.25,0.302,0.018,0.045,0.084,-0.2769999999999999,0.445,0.977,0.0,-113.116,-2.134,-331.397,-6.252999999999999,68.181,336.177,0.226,0.075,0.0,5.332999999999999,25.0,8.333,0.0,0.625,4.0,1.3330000000000002,16000.0,53.0,-0.262,1.268,-0.053,2.294,-1.835,-1.823,0.002,1.0
Homo sapiens microRNA mir-1302,TTTTTAGTATAAATATGTCCTATCCAATGTTTGGGACATACTTATACTAAAA,0,1,0,0,0,0,0,0,25.0,75.0,11.765,5.882000000000001,1.961,13.725,3.922,3.922,0.0,5.882000000000001,1.961,0.0,3.922,5.882000000000001,17.647000000000002,3.922,5.882000000000001,13.725,-0.005,-0.2019999999999999,-0.2019999999999999,-1.05,-0.016,-0.4039999999999999,0.377,0.018,0.04,0.079,-0.425,0.1989999999999999,0.95,0.0,-127.378,-2.403,-356.511,-6.727,84.141,352.13699999999994,0.283,0.075,0.019,10.0,37.5,10.0,2.5,0.857,5.0,1.3330000000000002,20.0,53.0,-0.396,1.359,-0.0969999999999999,1.56,-2.123,-1.919,0.002,2.0
Homo sapiens microRNA mir-1302,TTTTCAGTGTAAGTATATCCCATACAATATTTGGGACATGCTTATACTAAAA,0,1,0,0,0,0,0,0,28.846,71.154,9.804,5.882000000000001,3.922,13.725,7.843,3.922,0.0,3.922,1.961,1.961,3.922,5.882000000000001,15.686,3.922,5.882000000000001,11.765,-0.005,-0.192,-0.192,-1.25,-0.013,-0.385,0.302,0.0289999999999999,0.084,0.16,-0.4029999999999999,0.283,1.538,0.0,-73.16,-1.38,-211.497,-3.991,72.766,340.76199999999994,0.17,0.094,0.038,8.0,28.125,15.625,6.25,0.875,3.2,1.778,8.0,53.0,-0.381,1.906,-0.059,1.758,-2.379,-2.017,0.005,2.0
Homo sapiens microRNA mir-1302,TTTTTAGTGTAAAAATGTACCATACAATATTTGGTACATACTTACACTAAAA,0,1,0,0,0,0,0,0,23.077,76.923,15.686,11.765,1.961,9.804,7.843,1.961,0.0,3.922,0.0,0.0,1.961,7.843,17.647000000000002,0.0,5.882000000000001,13.725,-0.005,-0.192,-0.192,-1.053,-0.017,-0.385,0.358,0.013,0.032,0.061,-0.414,0.353,0.701,0.0,-138.08700000000002,-2.605,-393.457,-7.423999999999999,77.808,345.805,0.264,0.094,0.0,9.5,36.842,13.158,0.0,0.7140000000000001,3.8,1.357,19000.0,53.0,-0.392,0.959,-0.084,2.041,-2.08,-1.921,0.002,2.0
Homo sapiens microRNA mir-1302,TTTTTAGTGCAAGTATGTTCCATGCAATATTTGGGACATAATTATACTTAAA,0,0,0,0,0,0,0,0,26.923,73.077,9.804,3.922,3.922,13.725,7.843,1.961,0.0,1.961,1.961,3.922,3.922,5.882000000000001,13.725,1.961,7.843,17.647000000000002,-0.003,-0.115,-0.077,-0.8,-0.009,-0.231,0.283,0.046,0.125,0.243,-0.2689999999999999,0.055,2.455,0.019,-76.297,-1.44,-219.031,-4.133,75.187,343.18300000000005,0.17,0.075,0.038,7.5,30.0,13.333,6.667000000000001,1.3330000000000002,3.75,1.6669999999999998,7.5,53.0,-0.23,3.3080000000000003,-0.072,1.685,-2.457,-2.4090000000000003,0.005,1.0
Homo sapiens microRNA mir-1302,TTAAAAGTATAAGTATGTCCCATGCAGTATTTGGGACATACTTATACTAAAA,0,1,0,0,0,0,0,0,28.846,71.154,13.725,5.882000000000001,5.882000000000001,11.765,5.882000000000001,3.922,0.0,3.922,1.961,1.961,3.922,7.843,17.647000000000002,1.961,5.882000000000001,7.843,-0.0069999999999999,-0.5,-0.5,-1.529,-0.017,-0.5,0.321,0.006,0.018,0.031,-0.507,0.74,0.293,0.0,-73.814,-1.393,-206.421,-3.895,84.44200000000001,352.43800000000005,0.208,0.113,0.0,17.0,64.706,35.294000000000004,0.0,1.143,2.833,1.545,17000.0,53.0,-0.494,0.317,-0.119,1.646,-2.776,-2.778,0.001,-1.0
Homo sapiens microRNA mir-1302,ATTTTAGTATGAATATGTCTCATGCAATATTTGGGACATAATTATGCTAAAG,0,1,0,0,0,0,0,0,26.923,73.077,9.804,1.961,3.922,19.608,5.882000000000001,0.0,0.0,3.922,3.922,3.922,3.922,3.922,13.725,3.922,9.804,11.765,-0.005,-0.192,-0.192,-1.053,-0.0139999999999999,-0.385,0.358,0.013,0.031,0.06,-0.405,0.3429999999999999,0.701,0.0,-109.769,-2.071,-305.688,-5.768,85.93799999999999,353.935,0.226,0.075,0.057,9.5,31.579,10.526,7.895,1.8,4.75,1.5830000000000002,6.332999999999999,53.0,-0.385,0.897,-0.072,2.178,-2.931,-2.672,0.002,2.0
Homo sapiens microRNA mir-1302,TTTTTAGGATAAGTATGTCCCATGCCATGTTTGGGATATACATATACTAAAA,0,1,0,0,0,0,0,0,30.769,69.23100000000001,7.843,3.922,3.922,15.686,5.882000000000001,5.882000000000001,0.0,1.961,3.922,1.961,5.882000000000001,5.882000000000001,15.686,1.961,7.843,11.765,-0.005,-0.122,-0.091,-0.905,-0.012,-0.365,0.396,0.024,0.047,0.093,-0.39,0.173,1.253,0.019,-83.22200000000001,-1.57,-237.365,-4.479,77.456,345.45300000000003,0.245,0.113,0.038,7.0,20.635,9.524,3.175,1.286,3.5,1.615,10.5,53.0,-0.36,1.85,-0.077,2.445,-2.8680000000000003,-2.617,0.004,0.586
Homo sapiens microRNA mir-1302,TTTTAAATATAAATGTGTCCTATGCAATATTTGGGACATATTTGTACTAAAA,0,1,0,0,0,0,0,0,23.077,76.923,15.686,3.922,0.0,15.686,3.922,1.961,0.0,3.922,1.961,1.961,3.922,5.882000000000001,15.686,1.961,9.804,13.725,-0.004,-0.327,-0.327,-1.133,-0.0139999999999999,-0.327,0.283,0.032,0.09,0.168,-0.3429999999999999,0.3,1.706,0.0,-107.747,-2.033,-316.022,-5.962999999999999,67.798,335.79400000000004,0.17,0.057,0.057,15.0,60.0,20.0,20.0,1.4,5.0,1.6669999999999998,5.0,53.0,-0.3229999999999999,2.513,-0.032,1.048,-1.767,-1.722,0.005,-1.0
Homo sapiens microRNA mir-1302,TTTTTAGTATAAGTATGTCCCATGCAATATTTGGAACATATTTATATAAAA,0,1,0,0,0,0,0,0,21.569000000000003,78.431,12.0,2.0,4.0,18.0,6.0,4.0,0.0,0.0,2.0,2.0,2.0,6.0,18.0,2.0,6.0,16.0,-0.003,-0.1369999999999999,-0.1369999999999999,-0.933,-0.013,-0.275,0.288,0.042,0.122,0.241,-0.295,0.259,2.174,0.0,-111.263,-2.14,-327.778,-6.303,66.296,334.19300000000004,0.192,0.0579999999999999,0.038,7.5,33.333,10.0,6.667000000000001,1.2,5.0,1.5,7.5,52.0,-0.273,2.739,-0.1009999999999999,1.582,-3.029,-2.997,0.005,2.0
Homo sapiens microRNA mir-1302,UUCGUAGCAUAAAUAUGUCCCAAGCUUAGUUUGGGACAUACUUAUGCUAAAA,0,1,0,0,0,0,0,0,34.615,65.385,11.765,3.922,5.882000000000001,9.804,5.882000000000001,3.922,1.961,5.882000000000001,1.961,5.882000000000001,3.922,5.882000000000001,13.725,3.922,5.882000000000001,9.804,-0.008,-0.26,-0.26,-1.35,-0.015,-0.519,0.377,0.01,0.022,0.042,-0.528,0.542,0.529,0.0,-83.777,-1.581,-235.205,-4.438,83.038,351.034,0.226,0.132,0.019,10.0,30.0,17.5,2.5,1.0,2.857,1.6669999999999998,20.0,53.0,-0.511,0.597,-0.107,2.667,-2.507,-2.6710000000000003,0.001,2.0
Homo sapiens microRNA mir-1302,TTTTTAGTATAATTATGTCCTATGCAATATTTGGGACATGCTTATCCTAAAA,0,1,0,0,0,0,0,0,26.923,73.077,9.804,1.961,1.961,15.686,3.922,3.922,0.0,5.882000000000001,1.961,3.922,3.922,3.922,15.686,3.922,7.843,15.686,-0.004,-0.103,-0.103,-0.8420000000000001,-0.011,-0.308,0.358,0.016,0.037,0.071,-0.326,0.298,0.858,0.0,-106.191,-2.004,-301.525,-5.689,79.03,347.026,0.245,0.075,0.038,6.332999999999999,22.807,7.018,3.509,1.0,4.75,1.462,9.5,53.0,-0.304,1.137,-0.051,2.037,-2.536,-2.443,0.002,1.0
Homo sapiens microRNA mir-1302,TTTTTAGTATAAGTATACCCCATGCAATATTTGGGGCATATTTATTTTAAAT,0,1,0,0,0,0,0,0,25.0,75.0,7.843,1.961,3.922,17.647000000000002,5.882000000000001,5.882000000000001,0.0,0.0,0.0,3.922,5.882000000000001,3.922,17.647000000000002,0.0,3.922,21.569000000000003,-0.004,-0.096,-0.096,-0.833,-0.012,-0.288,0.34,0.016,0.038,0.071,-0.31,0.4429999999999999,0.852,0.0,-80.719,-1.523,-230.828,-4.355,76.544,344.54,0.226,0.075,0.038,6.0,22.222,7.407,3.704,1.167,4.5,1.5,9.0,53.0,-0.294,1.004,-0.0279999999999999,1.304,-1.835,-1.596,0.003,1.0
Homo sapiens microRNA mir-1302,TTTTTAGTACAAGTATGTCCCACGCAATATTTGGAACATACTTATACTAAAA,0,1,0,0,0,0,0,0,28.846,71.154,11.765,9.804,3.922,9.804,7.843,3.922,1.961,3.922,1.961,1.961,1.961,5.882000000000001,15.686,1.961,3.922,13.725,-0.005,-0.109,-0.109,-0.895,-0.011,-0.327,0.358,0.023,0.057,0.114,-0.356,0.225,1.242,0.0,-111.77,-2.109,-312.849,-5.903,84.115,352.111,0.264,0.094,0.0,6.332999999999999,24.561,8.772,0.0,0.667,3.8,1.357,19000.0,53.0,-0.33,1.607,-0.075,2.642,-2.26,-2.247,0.004,1.0
Homo sapiens microRNA mir-1302,TTTACAGTATAAATATGTCCCAAGCAATATTTTGAACATACTTATACTAAAA,0,0,0,0,0,0,0,0,23.077,76.923,15.686,7.843,3.922,13.725,7.843,3.922,0.0,3.922,1.961,1.961,0.0,3.922,17.647000000000002,1.961,3.922,11.765,-0.003,-0.064,-0.064,-0.625,-0.008,-0.192,0.302,0.03,0.089,0.163,-0.208,0.433,1.5730000000000002,0.0,-117.495,-2.217,-352.256,-6.646,60.4,328.396,0.226,0.057,0.019,5.332999999999999,25.0,6.25,2.083,0.5,5.332999999999999,1.3330000000000002,16.0,53.0,-0.1939999999999999,1.7819999999999998,-0.05,2.148,-1.885,-1.829,0.005,1.0
Homo sapiens microRNA mir-1302,TATGTAGTATAAGTATATCCCATGCAATATTTGGGATATACTTATACTAAAA,0,1,0,0,0,0,0,0,25.0,75.0,9.804,3.922,3.922,19.608,3.922,3.922,0.0,3.922,1.961,1.961,3.922,5.882000000000001,23.529,1.961,5.882000000000001,5.882000000000001,-0.006,-0.481,-0.481,-1.389,-0.019,-0.481,0.34,0.006,0.021,0.04,-0.497,0.701,0.3429999999999999,0.0,-102.101,-1.926,-283.12,-5.3420000000000005,87.478,355.474,0.245,0.094,0.0,18.0,72.222,27.778,0.0,1.167,3.6,1.385,18000.0,53.0,-0.483,0.367,-0.121,1.66,-2.687,-2.659,0.001,-1.0
Homo sapiens microRNA mir-1302,TTTTTAGTATAAATATATCCCATGCAATATGTGGGATATACTTGTACTAAAA,0,1,0,0,0,0,0,0,25.0,75.0,11.765,3.922,1.961,17.647000000000002,3.922,3.922,0.0,3.922,1.961,1.961,3.922,5.882000000000001,19.608,1.961,7.843,9.804,-0.006,-0.221,-0.221,-1.095,-0.018,-0.442,0.396,0.017,0.037,0.075,-0.4579999999999999,0.261,0.888,0.0,-106.212,-2.004,-295.941,-5.584,85.74600000000001,353.742,0.283,0.075,0.038,10.5,35.714,9.524,4.762,1.167,5.25,1.4,10.5,53.0,-0.432,1.221,-0.125,2.388,-2.4730000000000003,-2.353,0.002,2.0
Homo sapiens microRNA mir-1302,TTTTTAGTATAAGTAGATTCCATGCAATGTTTGGAATCTACTTATACTAAAA,0,1,0,0,0,0,0,0,25.0,75.0,11.765,3.922,5.882000000000001,11.765,3.922,1.961,0.0,5.882000000000001,3.922,1.961,1.961,5.882000000000001,15.686,3.922,5.882000000000001,15.686,-0.0069999999999999,-0.519,-0.26,-1.1740000000000002,-0.021,-0.519,0.434,0.018,0.036,0.071,-0.55,0.204,0.942,0.0,-94.537,-1.784,-262.771,-4.958,86.618,354.61400000000003,0.302,0.113,0.019,23.0,69.565,26.087,4.348,1.167,3.833,1.4380000000000002,23.0,53.0,-0.519,1.5119999999999998,-0.084,2.591,-2.201,-2.082,0.002,2.0
Homo sapiens microRNA mir-1302,TGTTTAGTGTAAGTATGCCCCATACAATATTTGGGACATACTTATACTAAAA,0,1,0,0,0,0,0,0,30.769,69.23100000000001,9.804,7.843,3.922,11.765,5.882000000000001,5.882000000000001,0.0,3.922,1.961,1.961,3.922,7.843,17.647000000000002,0.0,7.843,9.804,-0.0069999999999999,-0.231,-0.231,-1.263,-0.015,-0.462,0.358,0.013,0.037,0.07,-0.473,0.619,0.6859999999999999,0.0,-106.15,-2.003,-306.314,-5.78,73.39,341.386,0.226,0.113,0.019,9.5,31.579,15.789,2.632,1.0,3.167,1.5830000000000002,19.0,53.0,-0.4579999999999999,0.765,-0.0819999999999999,2.471,-2.111,-2.05,0.002,2.0
Homo sapiens microRNA mir-1302,ATTTTAGTATAAGTATGTCCCATGCAATATTTGAGACCTACTTATGCTAAAA,0,1,0,0,0,0,0,0,28.846,71.154,9.804,3.922,5.882000000000001,13.725,3.922,5.882000000000001,0.0,5.882000000000001,3.922,3.922,0.0,5.882000000000001,15.686,1.961,7.843,11.765,-0.005,-0.173,-0.115,-0.947,-0.012,-0.346,0.358,0.015,0.0409999999999999,0.079,-0.363,0.3939999999999999,0.8079999999999999,0.0,-123.996,-2.34,-354.786,-6.694,76.345,344.341,0.245,0.094,0.019,9.5,34.211,13.158,2.632,0.875,3.8,1.462,19.0,53.0,-0.345,1.086,-0.109,3.327,-3.734,-3.796,0.002,1.0
